-- MySQL dump 10.13  Distrib 8.3.0, for Win64 (x86_64)
--
-- Host: 127.0.0.1    Database: diy_bangle
-- ------------------------------------------------------
-- Server version	8.0.46

/*!40101 SET @OLD_CHARACTER_SET_CLIENT=@@CHARACTER_SET_CLIENT */;
/*!40101 SET @OLD_CHARACTER_SET_RESULTS=@@CHARACTER_SET_RESULTS */;
/*!40101 SET @OLD_COLLATION_CONNECTION=@@COLLATION_CONNECTION */;
/*!50503 SET NAMES utf8mb4 */;
/*!40103 SET @OLD_TIME_ZONE=@@TIME_ZONE */;
/*!40103 SET TIME_ZONE='+00:00' */;
/*!40014 SET @OLD_UNIQUE_CHECKS=@@UNIQUE_CHECKS, UNIQUE_CHECKS=0 */;
/*!40014 SET @OLD_FOREIGN_KEY_CHECKS=@@FOREIGN_KEY_CHECKS, FOREIGN_KEY_CHECKS=0 */;
/*!40101 SET @OLD_SQL_MODE=@@SQL_MODE, SQL_MODE='NO_AUTO_VALUE_ON_ZERO' */;
/*!40111 SET @OLD_SQL_NOTES=@@SQL_NOTES, SQL_NOTES=0 */;

--
-- Table structure for table `admin`
--

DROP TABLE IF EXISTS `admin`;
/*!40101 SET @saved_cs_client     = @@character_set_client */;
/*!50503 SET character_set_client = utf8mb4 */;
CREATE TABLE `admin` (
  `id` bigint NOT NULL AUTO_INCREMENT COMMENT '管理员ID',
  `username` varchar(50) NOT NULL COMMENT '账号',
  `password` varchar(100) NOT NULL COMMENT '密码（加密存储）',
  `create_time` datetime DEFAULT CURRENT_TIMESTAMP,
  PRIMARY KEY (`id`),
  UNIQUE KEY `username` (`username`)
) ENGINE=InnoDB AUTO_INCREMENT=2 DEFAULT CHARSET=utf8mb3 COMMENT='后台管理员表';
/*!40101 SET character_set_client = @saved_cs_client */;

--
-- Dumping data for table `admin`
--

LOCK TABLES `admin` WRITE;
/*!40000 ALTER TABLE `admin` DISABLE KEYS */;
INSERT INTO `admin` VALUES (1,'admin','e10adc3949ba59abbe56e057f20f883e','2025-11-28 10:28:12');
/*!40000 ALTER TABLE `admin` ENABLE KEYS */;
UNLOCK TABLES;

--
-- Table structure for table `banner`
--

DROP TABLE IF EXISTS `banner`;
/*!40101 SET @saved_cs_client     = @@character_set_client */;
/*!50503 SET character_set_client = utf8mb4 */;
CREATE TABLE `banner` (
  `id` bigint NOT NULL AUTO_INCREMENT COMMENT '轮播图ID',
  `image_url` varchar(255) DEFAULT NULL COMMENT '图片地址',
  `link` varchar(255) DEFAULT NULL COMMENT '跳转链接',
  `sort` int DEFAULT '0' COMMENT '排序',
  PRIMARY KEY (`id`)
) ENGINE=InnoDB AUTO_INCREMENT=4 DEFAULT CHARSET=utf8mb3 COMMENT='首页轮播图表';
/*!40101 SET character_set_client = @saved_cs_client */;

--
-- Dumping data for table `banner`
--

LOCK TABLES `banner` WRITE;
/*!40000 ALTER TABLE `banner` DISABLE KEYS */;
INSERT INTO `banner` VALUES (1,'/admin/common/image/others/b18af465-4234-43e6-965a-21d83e9d6fee.png','/pages/product?id=1',2),(2,'/admin/common/image/others/42551f96-ebf8-4419-a202-dcb3c1311fd5.jpg',NULL,3),(3,'/admin/common/image/others/228ca0be-981e-4150-977f-755825f7be89.jpg',NULL,1);
/*!40000 ALTER TABLE `banner` ENABLE KEYS */;
UNLOCK TABLES;

--
-- Table structure for table `cart_item`
--

DROP TABLE IF EXISTS `cart_item`;
/*!40101 SET @saved_cs_client     = @@character_set_client */;
/*!50503 SET character_set_client = utf8mb4 */;
CREATE TABLE `cart_item` (
  `id` bigint NOT NULL AUTO_INCREMENT COMMENT '购物车ID',
  `user_id` bigint NOT NULL COMMENT '用户ID',
  `product_id` bigint NOT NULL COMMENT '商品ID',
  `quantity` int NOT NULL COMMENT '购买数量',
  `create_time` datetime DEFAULT CURRENT_TIMESTAMP COMMENT '加入时间',
  PRIMARY KEY (`id`),
  UNIQUE KEY `uniq_user_product` (`user_id`,`product_id`)
) ENGINE=InnoDB AUTO_INCREMENT=138 DEFAULT CHARSET=utf8mb3 COMMENT='购物车表';
/*!40101 SET character_set_client = @saved_cs_client */;

--
-- Dumping data for table `cart_item`
--

LOCK TABLES `cart_item` WRITE;
/*!40000 ALTER TABLE `cart_item` DISABLE KEYS */;
INSERT INTO `cart_item` VALUES (115,44,21,1,'2025-12-27 02:09:17'),(117,48,21,1,'2025-12-27 13:48:59'),(131,51,21,1,'2025-12-27 15:00:08'),(137,2,25,1,'2025-12-27 16:23:43');
/*!40000 ALTER TABLE `cart_item` ENABLE KEYS */;
UNLOCK TABLES;

--
-- Table structure for table `category`
--

DROP TABLE IF EXISTS `category`;
/*!40101 SET @saved_cs_client     = @@character_set_client */;
/*!50503 SET character_set_client = utf8mb4 */;
CREATE TABLE `category` (
  `id` bigint NOT NULL AUTO_INCREMENT COMMENT '分类ID',
  `name` varchar(50) NOT NULL COMMENT '分类名称',
  `sort` int DEFAULT '0' COMMENT '排序',
  `status` tinyint DEFAULT '1' COMMENT '状态：1启用 0禁用',
  `create_time` datetime DEFAULT CURRENT_TIMESTAMP COMMENT '创建时间',
  PRIMARY KEY (`id`)
) ENGINE=InnoDB AUTO_INCREMENT=7 DEFAULT CHARSET=utf8mb3 COMMENT='商品分类表';
/*!40101 SET character_set_client = @saved_cs_client */;

--
-- Dumping data for table `category`
--

LOCK TABLES `category` WRITE;
/*!40000 ALTER TABLE `category` DISABLE KEYS */;
INSERT INTO `category` VALUES (1,'项链',1,1,'2025-11-28 10:28:11'),(2,'成品手串',2,1,'2025-11-28 10:28:11'),(4,'手镯',1,1,'2025-11-30 17:22:14'),(5,'手链',1,1,'2025-12-25 14:02:56'),(6,'戒指',1,1,'2025-12-25 14:29:02');
/*!40000 ALTER TABLE `category` ENABLE KEYS */;
UNLOCK TABLES;

--
-- Table structure for table `color_series`
--

DROP TABLE IF EXISTS `color_series`;
/*!40101 SET @saved_cs_client     = @@character_set_client */;
/*!50503 SET character_set_client = utf8mb4 */;
CREATE TABLE `color_series` (
  `id` bigint NOT NULL AUTO_INCREMENT COMMENT '色系ID',
  `key_code` varchar(50) CHARACTER SET utf8mb4 COLLATE utf8mb4_unicode_ci NOT NULL COMMENT '色系键（如white_series、red_series）',
  `name` varchar(100) CHARACTER SET utf8mb4 COLLATE utf8mb4_unicode_ci NOT NULL COMMENT '色系名称',
  `sort` int DEFAULT '0' COMMENT '排序',
  `status` tinyint DEFAULT '1' COMMENT '状态：1启用 0禁用',
  `create_time` datetime DEFAULT CURRENT_TIMESTAMP COMMENT '创建时间',
  PRIMARY KEY (`id`),
  UNIQUE KEY `uniq_key_code` (`key_code`)
) ENGINE=InnoDB AUTO_INCREMENT=35 DEFAULT CHARSET=utf8mb4 COLLATE=utf8mb4_unicode_ci COMMENT='色系表';
/*!40101 SET character_set_client = @saved_cs_client */;

--
-- Dumping data for table `color_series`
--

LOCK TABLES `color_series` WRITE;
/*!40000 ALTER TABLE `color_series` DISABLE KEYS */;
INSERT INTO `color_series` VALUES (13,'main_bead__white','白色系',1,1,'2025-12-23 22:31:48'),(14,'main_bead__pink','粉色系',2,1,'2025-12-23 22:31:48'),(15,'main_bead__yellow','黄色系',3,1,'2025-12-23 22:31:48'),(16,'main_bead__green','绿色系',4,1,'2025-12-23 22:31:48'),(17,'main_bead__blue','蓝色系',5,1,'2025-12-23 22:31:48'),(18,'main_bead__purple','紫色系',6,1,'2025-12-23 22:31:48'),(19,'accessory__shuixingshuijing','随型水晶',10,1,'2025-12-23 22:31:51'),(20,'accessory__geduan','隔断',11,1,'2025-12-23 22:31:51'),(21,'accessory__zhuangshi','装饰',12,1,'2025-12-23 22:31:51'),(22,'rope__yellow','黄色系',101,1,'2025-12-23 22:31:53'),(23,'rope__green','绿色系',102,1,'2025-12-23 22:31:53'),(24,'rope__blue','蓝色系',103,1,'2025-12-23 22:31:53'),(25,'accessory__shuangjianshuijing','双肩水晶',0,1,'2025-12-23 23:30:26'),(26,'accessory__paohuan','跑环',0,1,'2025-12-23 23:30:27'),(27,'accessory__mohe','魔盒',0,1,'2025-12-23 23:30:27'),(28,'accessory__huatuo','花托',0,1,'2025-12-23 23:30:27'),(29,'accessory__diaokejian','雕刻件',0,1,'2025-12-23 23:30:49'),(30,'pendant__diaozhui','吊坠',0,1,'2025-12-23 23:31:48'),(33,'main_bead__wenwan','文玩',0,1,'2025-12-24 00:08:32'),(34,'main_bead__black','黑色系',0,1,'2025-12-24 00:08:32');
/*!40000 ALTER TABLE `color_series` ENABLE KEYS */;
UNLOCK TABLES;

--
-- Table structure for table `customer_service_qr`
--

DROP TABLE IF EXISTS `customer_service_qr`;
/*!40101 SET @saved_cs_client     = @@character_set_client */;
/*!50503 SET character_set_client = utf8mb4 */;
CREATE TABLE `customer_service_qr` (
  `id` bigint NOT NULL AUTO_INCREMENT COMMENT '客服二维码ID',
  `image_path` varchar(255) NOT NULL COMMENT '二维码图片路径或云存储标识',
  `status` tinyint DEFAULT '1' COMMENT '状态：1启用 0禁用',
  `create_time` datetime DEFAULT CURRENT_TIMESTAMP COMMENT '创建时间',
  PRIMARY KEY (`id`),
  KEY `idx_status` (`status`)
) ENGINE=InnoDB AUTO_INCREMENT=4 DEFAULT CHARSET=utf8mb3 COMMENT='客服二维码表';
/*!40101 SET character_set_client = @saved_cs_client */;

--
-- Dumping data for table `customer_service_qr`
--

LOCK TABLES `customer_service_qr` WRITE;
/*!40000 ALTER TABLE `customer_service_qr` DISABLE KEYS */;
INSERT INTO `customer_service_qr` VALUES (1,'/admin/common/image/customer_service/qr_code_1766070773052.jpg',0,'2025-12-18 23:12:54'),(2,'/admin/common/image/customer_service/qr_code_1766070961347.jpg',0,'2025-12-18 23:16:01'),(3,'/admin/common/image/customer_service/qr_code_1781059959294.png',1,'2026-06-10 02:52:39');
/*!40000 ALTER TABLE `customer_service_qr` ENABLE KEYS */;
UNLOCK TABLES;

--
-- Table structure for table `diy_category`
--

DROP TABLE IF EXISTS `diy_category`;
/*!40101 SET @saved_cs_client     = @@character_set_client */;
/*!50503 SET character_set_client = utf8mb4 */;
CREATE TABLE `diy_category` (
  `id` bigint NOT NULL AUTO_INCREMENT COMMENT '分类ID',
  `key_code` varchar(50) CHARACTER SET utf8mb4 COLLATE utf8mb4_unicode_ci NOT NULL COMMENT '分类键（如main_bead、accessory、rope）',
  `name` varchar(100) CHARACTER SET utf8mb4 COLLATE utf8mb4_unicode_ci NOT NULL COMMENT '分类名称',
  `sort` int DEFAULT '0' COMMENT '排序',
  `status` tinyint DEFAULT '1' COMMENT '状态：1启用 0禁用',
  `create_time` datetime DEFAULT CURRENT_TIMESTAMP COMMENT '创建时间',
  PRIMARY KEY (`id`),
  UNIQUE KEY `uniq_key_code` (`key_code`)
) ENGINE=InnoDB AUTO_INCREMENT=6 DEFAULT CHARSET=utf8mb4 COLLATE=utf8mb4_unicode_ci COMMENT='DIY分类表';
/*!40101 SET character_set_client = @saved_cs_client */;

--
-- Dumping data for table `diy_category`
--

LOCK TABLES `diy_category` WRITE;
/*!40000 ALTER TABLE `diy_category` DISABLE KEYS */;
INSERT INTO `diy_category` VALUES (1,'main_bead','主珠',1,1,'2025-12-07 09:00:00'),(2,'accessory','配饰',2,1,'2025-12-07 09:00:00'),(4,'pendant','吊坠',4,1,'2025-12-07 09:00:00'),(5,'rope','绳子',5,1,'2025-12-07 09:00:00');
/*!40000 ALTER TABLE `diy_category` ENABLE KEYS */;
UNLOCK TABLES;

--
-- Table structure for table `diy_design`
--

DROP TABLE IF EXISTS `diy_design`;
/*!40101 SET @saved_cs_client     = @@character_set_client */;
/*!50503 SET character_set_client = utf8mb4 */;
CREATE TABLE `diy_design` (
  `id` bigint NOT NULL AUTO_INCREMENT COMMENT '设计ID',
  `user_id` bigint NOT NULL COMMENT '用户ID',
  `design_name` varchar(200) CHARACTER SET utf8mb4 COLLATE utf8mb4_unicode_ci DEFAULT NULL COMMENT '设计名称',
  `hand_size` decimal(5,2) NOT NULL COMMENT '手围（单位：cm）',
  `rope_id` bigint DEFAULT NULL COMMENT '绳子材料ID',
  `materials_json` text CHARACTER SET utf8mb4 COLLATE utf8mb4_unicode_ci COMMENT '材料列表JSON（包含各个珠子的ID和数量）',
  `total_price` decimal(10,2) DEFAULT NULL COMMENT '总价',
  `create_time` datetime DEFAULT CURRENT_TIMESTAMP COMMENT '创建时间',
  `update_time` datetime DEFAULT CURRENT_TIMESTAMP ON UPDATE CURRENT_TIMESTAMP COMMENT '更新时间',
  PRIMARY KEY (`id`),
  KEY `idx_user_id` (`user_id`)
) ENGINE=InnoDB DEFAULT CHARSET=utf8mb4 COLLATE=utf8mb4_unicode_ci COMMENT='用户DIY设计保存表';
/*!40101 SET character_set_client = @saved_cs_client */;

--
-- Dumping data for table `diy_design`
--

LOCK TABLES `diy_design` WRITE;
/*!40000 ALTER TABLE `diy_design` DISABLE KEYS */;
/*!40000 ALTER TABLE `diy_design` ENABLE KEYS */;
UNLOCK TABLES;

--
-- Table structure for table `diy_material`
--

DROP TABLE IF EXISTS `diy_material`;
/*!40101 SET @saved_cs_client     = @@character_set_client */;
/*!50503 SET character_set_client = utf8mb4 */;
CREATE TABLE `diy_material` (
  `id` bigint NOT NULL AUTO_INCREMENT COMMENT '材料ID',
  `category_key` varchar(50) CHARACTER SET utf8mb4 COLLATE utf8mb4_unicode_ci NOT NULL COMMENT '分类键（关联diy_category.key_code）',
  `color_series_key` varchar(50) CHARACTER SET utf8mb4 COLLATE utf8mb4_unicode_ci DEFAULT NULL COMMENT '色系键（关联color_series.key_code）',
  `title` varchar(200) CHARACTER SET utf8mb4 COLLATE utf8mb4_unicode_ci NOT NULL COMMENT '材料名称',
  `description` text CHARACTER SET utf8mb4 COLLATE utf8mb4_unicode_ci COMMENT '材料描述',
  `size` decimal(5,2) DEFAULT NULL COMMENT '尺寸（单位：mm）',
  `color` varchar(1000) CHARACTER SET utf8mb4 COLLATE utf8mb4_unicode_ci DEFAULT NULL COMMENT '颜色值（CSS颜色或渐变）',
  `price` decimal(10,2) NOT NULL COMMENT '单价',
  `price_overseas` decimal(10,2) NOT NULL DEFAULT '0.00' COMMENT '海外版单价(美元)',
  `stock` int DEFAULT '0' COMMENT '库存数量',
  `weight` decimal(6,2) DEFAULT NULL COMMENT '单个重量（单位：克）',
  `image_url` varchar(255) CHARACTER SET utf8mb4 COLLATE utf8mb4_unicode_ci DEFAULT NULL COMMENT '图片地址',
  `real_image_url1` varchar(500) COLLATE utf8mb4_unicode_ci DEFAULT NULL COMMENT '实拍展示图1',
  `real_image_url2` varchar(500) COLLATE utf8mb4_unicode_ci DEFAULT NULL COMMENT '实拍展示图2',
  `sort` int DEFAULT '0' COMMENT '排序',
  `status` tinyint DEFAULT '1' COMMENT '状态：1上架 0下架',
  `create_time` datetime DEFAULT CURRENT_TIMESTAMP COMMENT '创建时间',
  `update_time` datetime DEFAULT CURRENT_TIMESTAMP ON UPDATE CURRENT_TIMESTAMP COMMENT '更新时间',
  PRIMARY KEY (`id`),
  KEY `idx_category` (`category_key`),
  KEY `idx_color_series` (`color_series_key`),
  KEY `idx_status` (`status`),
  KEY `idx_category_status` (`category_key`,`status`),
  KEY `idx_category_color_status` (`category_key`,`color_series_key`,`status`),
  KEY `idx_status_sort` (`status`,`sort`),
  KEY `idx_status_stock` (`status`,`stock`),
  KEY `idx_material_category` (`category_key`),
  KEY `idx_material_color_series` (`color_series_key`),
  KEY `idx_material_status` (`status`),
  KEY `idx_material_sort_create` (`sort`,`create_time`)
) ENGINE=InnoDB AUTO_INCREMENT=755 DEFAULT CHARSET=utf8mb4 COLLATE=utf8mb4_unicode_ci COMMENT='DIY材料表';
/*!40101 SET character_set_client = @saved_cs_client */;

--
-- Dumping data for table `diy_material`
--

LOCK TABLES `diy_material` WRITE;
/*!40000 ALTER TABLE `diy_material` DISABLE KEYS */;
INSERT INTO `diy_material` VALUES (50,'main_bead','main_bead__white','白水晶A','',6.00,'',2.00,2.00,987,0.00,'/admin/common/image/others/ba6fdfba-8879-4559-b57d-532a9fb4b8e0.png',NULL,NULL,0,1,'2025-12-20 18:58:50','2026-06-11 12:30:33'),(51,'main_bead','main_bead__white','白水晶AA','',6.00,'',5.00,5.00,998,0.00,'/admin/common/image/others/ba6fdfba-8879-4559-b57d-532a9fb4b8e0.png',NULL,NULL,0,1,'2025-12-20 19:00:06','2026-06-11 12:30:33'),(52,'main_bead','main_bead__white','白阿塞','',6.00,'',4.00,4.00,997,0.00,'/admin/common/image/others/ba6fdfba-8879-4559-b57d-532a9fb4b8e0.png',NULL,NULL,0,1,'2025-12-20 19:00:40','2026-06-11 12:30:33'),(53,'main_bead','main_bead__white','喜马拉雅','',6.00,'',3.00,3.00,989,0.00,'/admin/common/image/others/ba6fdfba-8879-4559-b57d-532a9fb4b8e0.png',NULL,NULL,0,1,'2025-12-20 19:01:13','2026-06-11 12:30:33'),(54,'main_bead','main_bead__white','白幽灵','',6.00,'',3.00,3.00,996,0.00,'/admin/common/image/others/ba6fdfba-8879-4559-b57d-532a9fb4b8e0.png',NULL,NULL,0,1,'2025-12-20 19:03:05','2026-06-11 12:30:33'),(55,'rope','rope__yellow','金线绳',NULL,NULL,'#ffd700',5.88,5.88,500,0.10,'/admin/common/image/others/ba6fdfba-8879-4559-b57d-532a9fb4b8e0.png',NULL,NULL,4,1,'2025-12-07 09:00:00','2026-06-11 12:30:33'),(56,'rope','rope__green','绿色编织绳',NULL,NULL,'#4caf50',3.88,3.88,600,0.08,'/admin/common/image/others/ba6fdfba-8879-4559-b57d-532a9fb4b8e0.png',NULL,NULL,5,1,'2025-12-07 09:00:00','2026-06-11 12:30:33'),(57,'rope','rope__blue','蓝色编织绳',NULL,NULL,'#2196f3',3.88,3.88,600,0.08,'/admin/common/image/others/ba6fdfba-8879-4559-b57d-532a9fb4b8e0.png',NULL,NULL,6,1,'2025-12-07 09:00:00','2026-06-11 12:30:33'),(58,'main_bead','main_bead__white','雪花幽灵','',6.00,'',4.00,4.00,999,0.00,'/admin/common/image/others/ba6fdfba-8879-4559-b57d-532a9fb4b8e0.png',NULL,NULL,0,1,'2025-12-20 19:06:47','2026-06-11 12:30:33'),(59,'main_bead','main_bead__white','白月光','',6.00,'',3.00,3.00,998,0.00,'/admin/common/image/others/ba6fdfba-8879-4559-b57d-532a9fb4b8e0.png',NULL,NULL,0,1,'2025-12-20 19:07:43','2026-06-11 12:30:33'),(60,'main_bead','main_bead__white','白玛瑙','',6.00,'',4.00,4.00,999,0.00,'/admin/common/image/others/ba6fdfba-8879-4559-b57d-532a9fb4b8e0.png',NULL,NULL,0,1,'2025-12-20 19:08:16','2026-06-11 12:30:33'),(61,'main_bead','main_bead__white','贝珠','',6.00,'',2.00,2.00,999,0.00,'/admin/common/image/others/ba6fdfba-8879-4559-b57d-532a9fb4b8e0.png',NULL,NULL,0,1,'2025-12-20 19:08:44','2026-06-11 12:30:33'),(62,'main_bead','main_bead__pink','西柚粉晶','',6.00,'',5.00,5.00,999,0.00,'/admin/common/image/others/ba6fdfba-8879-4559-b57d-532a9fb4b8e0.png',NULL,NULL,0,1,'2025-12-20 19:50:14','2026-06-11 12:30:33'),(63,'main_bead','main_bead__pink','莫粉','',6.00,'',2.00,2.00,999,0.00,'/admin/common/image/others/ba6fdfba-8879-4559-b57d-532a9fb4b8e0.png',NULL,NULL,0,1,'2025-12-20 19:54:14','2026-06-11 12:30:33'),(64,'main_bead','main_bead__pink','星光粉','',6.00,'',5.00,5.00,999,0.00,'/admin/common/image/others/ba6fdfba-8879-4559-b57d-532a9fb4b8e0.png',NULL,NULL,0,1,'2025-12-20 19:58:20','2026-06-11 12:30:33'),(65,'main_bead','main_bead__pink','马粉','',6.00,'',3.00,3.00,999,0.00,'/admin/common/image/others/ba6fdfba-8879-4559-b57d-532a9fb4b8e0.png',NULL,NULL,0,1,'2025-12-20 19:59:02','2026-06-11 12:30:33'),(66,'main_bead','main_bead__pink','紫马粉','',6.00,'',4.00,4.00,999,0.00,'/admin/common/image/others/ba6fdfba-8879-4559-b57d-532a9fb4b8e0.png',NULL,NULL,0,1,'2025-12-20 20:00:18','2026-06-11 12:30:33'),(67,'main_bead','main_bead__pink','白水体草莓','',6.00,'',2.00,2.00,999,0.00,'/admin/common/image/others/ba6fdfba-8879-4559-b57d-532a9fb4b8e0.png',NULL,NULL,0,1,'2025-12-20 20:01:06','2026-06-11 12:30:33'),(68,'main_bead','main_bead__pink','草莓晶','',6.00,'',2.00,2.00,999,0.00,'/admin/common/image/others/ba6fdfba-8879-4559-b57d-532a9fb4b8e0.png',NULL,NULL,0,1,'2025-12-20 20:01:36','2026-06-11 12:30:33'),(69,'main_bead','main_bead__pink','鸽血红草莓','',6.00,'',4.00,4.00,999,0.00,'/admin/common/image/others/ba6fdfba-8879-4559-b57d-532a9fb4b8e0.png',NULL,NULL,0,1,'2025-12-20 20:06:16','2026-06-11 12:30:33'),(70,'main_bead','main_bead__pink','车厘子草莓晶','',6.00,'',8.00,8.00,999,0.00,'/admin/common/image/others/ba6fdfba-8879-4559-b57d-532a9fb4b8e0.png',NULL,NULL,0,1,'2025-12-20 20:06:51','2026-06-11 12:30:33'),(71,'main_bead','main_bead__pink','红纹石','',6.00,'',16.00,16.00,999,0.00,'/admin/common/image/others/ba6fdfba-8879-4559-b57d-532a9fb4b8e0.png',NULL,NULL,0,1,'2025-12-20 20:08:12','2026-06-11 12:30:33'),(72,'main_bead','main_bead__pink','蔷薇石','',6.00,'',8.00,8.00,999,0.00,'/admin/common/image/others/ba6fdfba-8879-4559-b57d-532a9fb4b8e0.png',NULL,NULL,0,1,'2025-12-20 20:08:44','2026-06-11 12:30:33'),(73,'main_bead','main_bead__pink','樱花雨','',6.00,'',4.00,4.00,999,0.00,'/admin/common/image/others/ba6fdfba-8879-4559-b57d-532a9fb4b8e0.png',NULL,NULL,0,1,'2025-12-20 20:15:30','2026-06-11 12:30:33'),(74,'main_bead','main_bead__pink','红胶花','',6.00,'',6.00,6.00,999,0.00,'/admin/common/image/others/ba6fdfba-8879-4559-b57d-532a9fb4b8e0.png',NULL,NULL,0,1,'2025-12-20 20:15:56','2026-06-11 12:30:33'),(75,'main_bead','main_bead__pink','红玛瑙','',6.00,'',4.00,4.00,998,0.00,'/admin/common/image/others/ba6fdfba-8879-4559-b57d-532a9fb4b8e0.png',NULL,NULL,0,1,'2025-12-20 20:16:26','2026-06-11 12:30:33'),(76,'main_bead','main_bead__pink','南红玛瑙','',6.00,'',4.00,4.00,998,0.00,'/admin/common/image/others/ba6fdfba-8879-4559-b57d-532a9fb4b8e0.png',NULL,NULL,0,1,'2025-12-20 20:17:07','2026-06-11 12:30:33'),(77,'main_bead','main_bead__pink','高含量红砂','',6.00,'',4.00,4.00,998,0.00,'/admin/common/image/others/ba6fdfba-8879-4559-b57d-532a9fb4b8e0.png',NULL,NULL,0,1,'2025-12-20 20:17:36','2026-06-11 12:30:33'),(78,'main_bead','main_bead__pink','高含量帝王砂','',6.00,'',4.00,4.00,996,0.00,'/admin/common/image/others/ba6fdfba-8879-4559-b57d-532a9fb4b8e0.png',NULL,NULL,0,1,'2025-12-20 20:18:05','2026-06-11 12:30:33'),(79,'main_bead','main_bead__pink','高含量紫金砂','',6.00,'',5.00,5.00,998,0.00,'/admin/common/image/others/ba6fdfba-8879-4559-b57d-532a9fb4b8e0.png',NULL,NULL,0,1,'2025-12-20 20:18:36','2026-06-11 12:30:33'),(80,'main_bead','main_bead__pink','橙红石榴石','',6.00,'',6.00,6.00,999,0.00,'/admin/common/image/others/ba6fdfba-8879-4559-b57d-532a9fb4b8e0.png',NULL,NULL,0,1,'2025-12-20 20:19:48','2026-06-11 12:30:33'),(81,'main_bead','main_bead__pink','酒红石榴石','',6.00,'',8.00,8.00,999,0.00,'/admin/common/image/others/ba6fdfba-8879-4559-b57d-532a9fb4b8e0.png',NULL,NULL,0,1,'2025-12-20 20:20:24','2026-06-11 12:30:33'),(82,'main_bead','main_bead__pink','红虎眼','',6.00,'',2.00,2.00,999,0.00,'/admin/common/image/others/ba6fdfba-8879-4559-b57d-532a9fb4b8e0.png',NULL,NULL,0,1,'2025-12-20 20:20:57','2026-06-11 12:30:33'),(83,'main_bead','main_bead__pink','粉月光','',6.00,'',0.00,0.00,941,0.00,'/admin/common/image/others/ba6fdfba-8879-4559-b57d-532a9fb4b8e0.png',NULL,NULL,0,1,'2025-12-20 20:21:53','2026-06-11 12:30:33'),(84,'main_bead','main_bead__pink','红锂云母','',6.00,'',8.00,8.00,958,0.00,'/admin/common/image/others/ba6fdfba-8879-4559-b57d-532a9fb4b8e0.png',NULL,NULL,0,1,'2025-12-20 20:22:34','2026-06-11 12:30:33'),(85,'main_bead','main_bead__pink','粉玉髓','',6.00,'',2.00,2.00,999,0.00,'/admin/common/image/others/ba6fdfba-8879-4559-b57d-532a9fb4b8e0.png',NULL,NULL,0,1,'2025-12-20 20:23:31','2026-06-11 12:30:33'),(86,'main_bead','main_bead__pink','粉锂云母','',6.00,'',8.00,8.00,999,0.00,'/admin/common/image/others/ba6fdfba-8879-4559-b57d-532a9fb4b8e0.png',NULL,NULL,0,1,'2025-12-20 20:23:56','2026-06-11 12:30:33'),(87,'main_bead','main_bead__pink','粉祖母','',6.00,'',4.00,4.00,999,0.00,'/admin/common/image/others/ba6fdfba-8879-4559-b57d-532a9fb4b8e0.png',NULL,NULL,0,1,'2025-12-20 20:24:19','2026-06-11 12:30:33'),(88,'main_bead','main_bead__pink','粉雪花幽灵','',6.00,'',4.00,4.00,999,0.00,'/admin/common/image/others/ba6fdfba-8879-4559-b57d-532a9fb4b8e0.png',NULL,NULL,0,1,'2025-12-20 20:24:48','2026-06-11 12:30:33'),(89,'main_bead','main_bead__pink','粉阿塞','',6.00,'',4.00,4.00,999,0.00,'/admin/common/image/others/ba6fdfba-8879-4559-b57d-532a9fb4b8e0.png',NULL,NULL,0,1,'2025-12-21 17:13:07','2026-06-11 12:30:33'),(90,'main_bead','main_bead__yellow','蜂蜜奶盖','',6.00,'',3.00,3.00,999,0.00,'/admin/common/image/others/ba6fdfba-8879-4559-b57d-532a9fb4b8e0.png',NULL,NULL,0,1,'2025-12-21 17:17:29','2026-06-11 12:30:33'),(91,'main_bead','main_bead__yellow','暴力黄塔晶','',6.00,'',7.00,7.00,999,0.00,'/admin/common/image/others/ba6fdfba-8879-4559-b57d-532a9fb4b8e0.png',NULL,NULL,0,1,'2025-12-21 17:17:57','2026-06-11 12:30:33'),(92,'main_bead','main_bead__yellow','柠檬黄','',6.00,'',3.00,3.00,999,0.00,'/admin/common/image/others/ba6fdfba-8879-4559-b57d-532a9fb4b8e0.png',NULL,NULL,0,1,'2025-12-21 17:18:38','2026-06-11 12:30:33'),(93,'main_bead','main_bead__yellow','黄萤石','',6.00,'',4.00,4.00,999,0.00,'/admin/common/image/others/ba6fdfba-8879-4559-b57d-532a9fb4b8e0.png',NULL,NULL,0,1,'2025-12-21 17:19:05','2026-06-11 12:30:33'),(94,'main_bead','main_bead__yellow','黄阿塞','',6.00,'',3.00,3.00,999,0.00,'/admin/common/image/others/ba6fdfba-8879-4559-b57d-532a9fb4b8e0.png',NULL,NULL,0,1,'2025-12-21 17:19:33','2026-06-11 12:30:33'),(95,'main_bead','main_bead__yellow','黄发晶发丝少','',6.00,'',6.00,6.00,999,0.00,'/admin/common/image/others/ba6fdfba-8879-4559-b57d-532a9fb4b8e0.png',NULL,NULL,0,1,'2025-12-21 20:17:25','2026-06-11 12:30:33'),(96,'main_bead','main_bead__yellow','黄发晶发丝多','',6.00,'',8.00,8.00,999,0.00,'/admin/common/image/others/ba6fdfba-8879-4559-b57d-532a9fb4b8e0.png',NULL,NULL,0,1,'2025-12-21 20:17:54','2026-06-11 12:30:33'),(97,'main_bead','main_bead__yellow','透体金发晶','',6.00,'',12.00,12.00,999,0.00,'/admin/common/image/others/ba6fdfba-8879-4559-b57d-532a9fb4b8e0.png',NULL,NULL,0,1,'2025-12-21 20:19:39','2026-06-11 12:30:33'),(98,'main_bead','main_bead__yellow','黄玛瑙','',6.00,'',2.00,2.00,999,0.00,'/admin/common/image/others/ba6fdfba-8879-4559-b57d-532a9fb4b8e0.png',NULL,NULL,0,1,'2025-12-21 20:21:05','2026-06-11 12:30:33'),(99,'main_bead','main_bead__yellow','黄胶花','',6.00,'',2.00,2.00,999,0.00,'/admin/common/image/others/ba6fdfba-8879-4559-b57d-532a9fb4b8e0.png',NULL,NULL,0,1,'2025-12-21 20:21:32','2026-06-11 12:30:33'),(100,'main_bead','main_bead__yellow','蜜蜡','',6.00,'',12.00,12.00,999,0.00,'/admin/common/image/others/ba6fdfba-8879-4559-b57d-532a9fb4b8e0.png',NULL,NULL,0,1,'2025-12-21 20:22:42','2026-06-11 12:30:33'),(101,'main_bead','main_bead__yellow','橙月光','',6.00,'',8.00,8.00,999,0.00,'/admin/common/image/others/ba6fdfba-8879-4559-b57d-532a9fb4b8e0.png',NULL,NULL,0,1,'2025-12-21 20:23:31','2026-06-11 12:30:33'),(102,'main_bead','main_bead__yellow','太阳石','',6.00,'',5.00,5.00,999,0.00,'/admin/common/image/others/ba6fdfba-8879-4559-b57d-532a9fb4b8e0.png',NULL,NULL,0,1,'2025-12-21 20:23:59','2026-06-11 12:30:33'),(103,'main_bead','main_bead__yellow','黄虎眼','',6.00,'',2.00,2.00,999,0.00,'/admin/common/image/others/ba6fdfba-8879-4559-b57d-532a9fb4b8e0.png',NULL,NULL,0,1,'2025-12-21 20:24:23','2026-06-11 12:30:33'),(104,'main_bead','main_bead__yellow','金锂云母','',6.00,'',8.00,8.00,999,0.00,'/admin/common/image/others/ba6fdfba-8879-4559-b57d-532a9fb4b8e0.png',NULL,NULL,1,1,'2025-12-21 20:24:53','2026-06-11 12:30:33'),(105,'main_bead','main_bead__yellow','金祖母','',6.00,'',8.00,8.00,999,0.00,'/admin/common/image/others/ba6fdfba-8879-4559-b57d-532a9fb4b8e0.png',NULL,NULL,0,1,'2025-12-21 20:25:20','2026-06-11 12:30:33'),(106,'main_bead','main_bead__yellow','金虎眼','',6.00,'',2.00,2.00,999,0.00,'/admin/common/image/others/ba6fdfba-8879-4559-b57d-532a9fb4b8e0.png',NULL,NULL,0,1,'2025-12-21 20:25:52','2026-06-11 12:30:33'),(107,'main_bead','main_bead__white','白水晶A','',8.00,'',4.00,4.00,999,0.00,'/admin/common/image/others/ba6fdfba-8879-4559-b57d-532a9fb4b8e0.png',NULL,NULL,0,1,'2025-12-21 20:28:48','2026-06-11 12:30:33'),(108,'main_bead','main_bead__white','白水晶A','',10.00,'',8.00,8.00,999,0.00,'/admin/common/image/others/ba6fdfba-8879-4559-b57d-532a9fb4b8e0.png',NULL,NULL,0,1,'2025-12-21 20:29:12','2026-06-11 12:30:33'),(109,'main_bead','main_bead__white','白水晶A','',12.00,'',10.00,10.00,999,0.00,'/admin/common/image/others/ba6fdfba-8879-4559-b57d-532a9fb4b8e0.png',NULL,NULL,0,1,'2025-12-21 20:36:42','2026-06-11 12:30:33'),(110,'main_bead','main_bead__white','白水晶A','',14.00,'',16.00,16.00,999,0.00,'/admin/common/image/others/ba6fdfba-8879-4559-b57d-532a9fb4b8e0.png',NULL,NULL,0,1,'2025-12-21 20:36:59','2026-06-11 12:30:33'),(111,'main_bead','main_bead__white','白水晶AA','',8.00,'',8.00,8.00,999,0.00,'/admin/common/image/others/ba6fdfba-8879-4559-b57d-532a9fb4b8e0.png',NULL,NULL,0,1,'2025-12-21 20:37:50','2026-06-11 12:30:33'),(112,'main_bead','main_bead__white','白水晶AA','',10.00,'',12.00,12.00,999,0.00,'/admin/common/image/others/ba6fdfba-8879-4559-b57d-532a9fb4b8e0.png',NULL,NULL,0,1,'2025-12-21 20:38:08','2026-06-11 12:30:33'),(113,'main_bead','main_bead__white','白水晶AA','',12.00,'',18.00,18.00,999,0.00,'/admin/common/image/others/ba6fdfba-8879-4559-b57d-532a9fb4b8e0.png',NULL,NULL,0,1,'2025-12-21 20:38:26','2026-06-11 12:30:33'),(114,'main_bead','main_bead__white','白水晶AA','',14.00,'',24.00,24.00,1000,0.00,'/admin/common/image/others/ba6fdfba-8879-4559-b57d-532a9fb4b8e0.png',NULL,NULL,0,1,'2025-12-21 20:38:45','2026-06-11 12:30:33'),(115,'main_bead','main_bead__white','白阿塞','',8.00,'',6.00,6.00,999,0.00,'/admin/common/image/others/ba6fdfba-8879-4559-b57d-532a9fb4b8e0.png',NULL,NULL,0,1,'2025-12-21 20:40:20','2026-06-11 12:30:33'),(116,'main_bead','main_bead__white','白阿塞','',10.00,'',10.00,10.00,999,0.00,'/admin/common/image/others/ba6fdfba-8879-4559-b57d-532a9fb4b8e0.png',NULL,NULL,0,1,'2025-12-21 20:40:36','2026-06-11 12:30:33'),(117,'main_bead','main_bead__white','白阿塞','',12.00,'',18.00,18.00,999,0.00,'/admin/common/image/others/ba6fdfba-8879-4559-b57d-532a9fb4b8e0.png',NULL,NULL,0,1,'2025-12-21 20:40:52','2026-06-11 12:30:33'),(118,'main_bead','main_bead__white','白阿塞','',14.00,'',24.00,24.00,999,0.00,'/admin/common/image/others/ba6fdfba-8879-4559-b57d-532a9fb4b8e0.png',NULL,NULL,0,1,'2025-12-21 20:41:11','2026-06-11 12:30:33'),(119,'main_bead','main_bead__white','喜马拉雅','',8.00,'',5.00,5.00,999,0.00,'/admin/common/image/others/ba6fdfba-8879-4559-b57d-532a9fb4b8e0.png',NULL,NULL,0,1,'2025-12-21 20:42:13','2026-06-11 12:30:33'),(120,'main_bead','main_bead__white','喜马拉雅','',10.00,'',8.00,8.00,999,0.00,'/admin/common/image/others/ba6fdfba-8879-4559-b57d-532a9fb4b8e0.png',NULL,NULL,0,1,'2025-12-21 20:42:32','2026-06-11 12:30:33'),(121,'main_bead','main_bead__white','喜马拉雅','',12.00,'',10.00,10.00,999,0.00,'/admin/common/image/others/ba6fdfba-8879-4559-b57d-532a9fb4b8e0.png',NULL,NULL,0,1,'2025-12-21 20:42:48','2026-06-11 12:30:33'),(122,'main_bead','main_bead__white','喜马拉雅','',14.00,'',16.00,16.00,999,0.00,'/admin/common/image/others/ba6fdfba-8879-4559-b57d-532a9fb4b8e0.png',NULL,NULL,0,1,'2025-12-21 20:43:02','2026-06-11 12:30:33'),(123,'main_bead','main_bead__white','白幽灵','',8.00,'',5.00,5.00,999,0.00,'/admin/common/image/others/ba6fdfba-8879-4559-b57d-532a9fb4b8e0.png',NULL,NULL,0,1,'2025-12-21 20:45:23','2026-06-11 12:30:33'),(124,'main_bead','main_bead__white','白幽灵','',10.00,'',8.00,8.00,999,0.00,'/admin/common/image/others/ba6fdfba-8879-4559-b57d-532a9fb4b8e0.png',NULL,NULL,0,1,'2025-12-21 20:45:40','2026-06-11 12:30:33'),(125,'main_bead','main_bead__white','白幽灵','',12.00,'',12.00,12.00,999,0.00,'/admin/common/image/others/ba6fdfba-8879-4559-b57d-532a9fb4b8e0.png',NULL,NULL,0,1,'2025-12-21 20:45:55','2026-06-11 12:30:33'),(126,'main_bead','main_bead__white','白幽灵','',14.00,'',18.00,18.00,999,0.00,'/admin/common/image/others/ba6fdfba-8879-4559-b57d-532a9fb4b8e0.png',NULL,NULL,0,1,'2025-12-21 20:46:12','2026-06-11 12:30:33'),(127,'main_bead','main_bead__white','雪花幽灵','',8.00,'',9.00,9.00,999,0.00,'/admin/common/image/others/ba6fdfba-8879-4559-b57d-532a9fb4b8e0.png',NULL,NULL,0,1,'2025-12-21 20:46:48','2026-06-11 12:30:33'),(128,'main_bead','main_bead__white','雪花幽灵','',10.00,'',18.00,18.00,999,0.00,'/admin/common/image/others/ba6fdfba-8879-4559-b57d-532a9fb4b8e0.png',NULL,NULL,0,1,'2025-12-21 20:47:17','2026-06-11 12:30:33'),(129,'main_bead','main_bead__white','雪花幽灵','',12.00,'',26.00,26.00,999,0.00,'/admin/common/image/others/ba6fdfba-8879-4559-b57d-532a9fb4b8e0.png',NULL,NULL,0,1,'2025-12-21 20:47:39','2026-06-11 12:30:33'),(130,'main_bead','main_bead__white','雪花幽灵','',14.00,'',33.00,33.00,999,0.00,'/admin/common/image/others/ba6fdfba-8879-4559-b57d-532a9fb4b8e0.png',NULL,NULL,0,1,'2025-12-21 20:47:53','2026-06-11 12:30:33'),(131,'main_bead','main_bead__white','白月光','',8.00,'',6.00,6.00,999,0.00,'/admin/common/image/others/ba6fdfba-8879-4559-b57d-532a9fb4b8e0.png',NULL,NULL,0,1,'2025-12-21 20:48:52','2026-06-11 12:30:33'),(132,'main_bead','main_bead__white','白月光','',10.00,'',12.00,12.00,999,0.00,'/admin/common/image/others/ba6fdfba-8879-4559-b57d-532a9fb4b8e0.png',NULL,NULL,0,1,'2025-12-21 20:49:14','2026-06-11 12:30:33'),(133,'main_bead','main_bead__white','白月光','',12.00,'',15.00,15.00,999,0.00,'/admin/common/image/others/ba6fdfba-8879-4559-b57d-532a9fb4b8e0.png',NULL,NULL,0,1,'2025-12-21 20:49:35','2026-06-11 12:30:33'),(134,'main_bead','main_bead__white','白月光','',14.00,'',20.00,20.00,999,0.00,'/admin/common/image/others/ba6fdfba-8879-4559-b57d-532a9fb4b8e0.png',NULL,NULL,0,1,'2025-12-21 20:49:54','2026-06-11 12:30:33'),(135,'main_bead','main_bead__white','白玛瑙','',8.00,'',6.00,6.00,999,0.00,'/admin/common/image/others/ba6fdfba-8879-4559-b57d-532a9fb4b8e0.png',NULL,NULL,0,1,'2025-12-21 20:50:18','2026-06-11 12:30:33'),(136,'main_bead','main_bead__white','白玛瑙','',10.00,'',8.00,8.00,999,0.00,'/admin/common/image/others/ba6fdfba-8879-4559-b57d-532a9fb4b8e0.png',NULL,NULL,0,1,'2025-12-21 20:50:33','2026-06-11 12:30:33'),(137,'main_bead','main_bead__white','白玛瑙','',12.00,'',10.00,10.00,999,0.00,'/admin/common/image/others/ba6fdfba-8879-4559-b57d-532a9fb4b8e0.png',NULL,NULL,0,1,'2025-12-21 20:50:53','2026-06-11 12:30:33'),(138,'main_bead','main_bead__white','白玛瑙','',14.00,'',12.00,12.00,999,0.00,'/admin/common/image/others/ba6fdfba-8879-4559-b57d-532a9fb4b8e0.png',NULL,NULL,0,1,'2025-12-21 20:51:09','2026-06-11 12:30:33'),(139,'main_bead','main_bead__white','贝珠','',8.00,'',3.00,3.00,999,0.00,'/admin/common/image/others/ba6fdfba-8879-4559-b57d-532a9fb4b8e0.png',NULL,NULL,0,1,'2025-12-21 20:51:39','2026-06-11 12:30:33'),(140,'main_bead','main_bead__white','贝珠','',10.00,'',3.50,3.50,999,0.00,'/admin/common/image/others/ba6fdfba-8879-4559-b57d-532a9fb4b8e0.png',NULL,NULL,0,1,'2025-12-21 20:52:03','2026-06-11 12:30:33'),(141,'main_bead','main_bead__white','贝珠','',12.00,'',5.00,5.00,999,0.00,'/admin/common/image/others/ba6fdfba-8879-4559-b57d-532a9fb4b8e0.png',NULL,NULL,0,1,'2025-12-21 20:52:17','2026-06-11 12:30:33'),(142,'main_bead','main_bead__white','贝珠','',14.00,'',6.00,6.00,999,0.00,'/admin/common/image/others/ba6fdfba-8879-4559-b57d-532a9fb4b8e0.png',NULL,NULL,0,1,'2025-12-21 20:52:30','2026-06-11 12:30:33'),(143,'main_bead','main_bead__pink','西柚粉晶','',8.00,'',7.00,7.00,999,0.00,'/admin/common/image/others/ba6fdfba-8879-4559-b57d-532a9fb4b8e0.png',NULL,NULL,0,1,'2025-12-21 20:53:49','2026-06-11 12:30:33'),(144,'main_bead','main_bead__pink','西柚粉晶','',10.00,'',10.00,10.00,999,0.00,'/admin/common/image/others/ba6fdfba-8879-4559-b57d-532a9fb4b8e0.png',NULL,NULL,0,1,'2025-12-21 20:54:05','2026-06-11 12:30:33'),(145,'main_bead','main_bead__pink','西柚粉晶','',12.00,'',16.00,16.00,999,0.00,'/admin/common/image/others/ba6fdfba-8879-4559-b57d-532a9fb4b8e0.png',NULL,NULL,0,1,'2025-12-21 20:54:23','2026-06-11 12:30:33'),(146,'main_bead','main_bead__pink','西柚粉晶','',14.00,'',22.00,22.00,999,0.00,'/admin/common/image/others/ba6fdfba-8879-4559-b57d-532a9fb4b8e0.png',NULL,NULL,0,1,'2025-12-21 20:54:38','2026-06-11 12:30:33'),(147,'main_bead','main_bead__pink','莫粉','',8.00,'',4.00,4.00,999,0.00,'/admin/common/image/others/ba6fdfba-8879-4559-b57d-532a9fb4b8e0.png',NULL,NULL,0,1,'2025-12-21 20:55:00','2026-06-11 12:30:33'),(148,'main_bead','main_bead__pink','莫粉','',10.00,'',7.00,7.00,999,0.00,'/admin/common/image/others/ba6fdfba-8879-4559-b57d-532a9fb4b8e0.png',NULL,NULL,0,1,'2025-12-21 20:55:19','2026-06-11 12:30:33'),(149,'main_bead','main_bead__pink','莫粉','',12.00,'',10.00,10.00,999,0.00,'/admin/common/image/others/ba6fdfba-8879-4559-b57d-532a9fb4b8e0.png',NULL,NULL,0,1,'2025-12-21 20:55:38','2026-06-11 12:30:33'),(150,'main_bead','main_bead__pink','莫粉','',14.00,'',13.00,13.00,999,0.00,'/admin/common/image/others/ba6fdfba-8879-4559-b57d-532a9fb4b8e0.png',NULL,NULL,0,1,'2025-12-21 20:55:54','2026-06-11 12:30:33'),(151,'main_bead','main_bead__pink','星光粉','',8.00,'',9.00,9.00,999,0.00,'/admin/common/image/others/ba6fdfba-8879-4559-b57d-532a9fb4b8e0.png',NULL,NULL,0,1,'2025-12-21 20:56:19','2026-06-11 12:30:33'),(152,'main_bead','main_bead__pink','星光粉','',10.00,'',13.00,13.00,999,0.00,'/admin/common/image/others/ba6fdfba-8879-4559-b57d-532a9fb4b8e0.png',NULL,NULL,0,1,'2025-12-21 20:56:34','2026-06-11 12:30:33'),(153,'main_bead','main_bead__pink','星光粉','',12.00,'',18.00,18.00,999,0.00,'/admin/common/image/others/ba6fdfba-8879-4559-b57d-532a9fb4b8e0.png',NULL,NULL,0,1,'2025-12-21 20:56:59','2026-06-11 12:30:33'),(154,'main_bead','main_bead__pink','星光粉','',14.00,'',28.00,28.00,999,0.00,'/admin/common/image/others/ba6fdfba-8879-4559-b57d-532a9fb4b8e0.png',NULL,NULL,0,1,'2025-12-21 20:58:06','2026-06-11 12:30:33'),(155,'main_bead','main_bead__pink','马粉','',8.00,'',5.00,5.00,999,0.00,'/admin/common/image/others/ba6fdfba-8879-4559-b57d-532a9fb4b8e0.png',NULL,NULL,0,1,'2025-12-21 20:58:47','2026-06-11 12:30:33'),(156,'main_bead','main_bead__pink','马粉','',10.00,'',9.00,9.00,999,0.00,'/admin/common/image/others/ba6fdfba-8879-4559-b57d-532a9fb4b8e0.png',NULL,NULL,0,1,'2025-12-21 20:59:04','2026-06-11 12:30:33'),(157,'main_bead','main_bead__pink','马粉','',12.00,'',12.00,12.00,999,0.00,'/admin/common/image/others/ba6fdfba-8879-4559-b57d-532a9fb4b8e0.png',NULL,NULL,0,1,'2025-12-21 20:59:18','2026-06-11 12:30:33'),(158,'main_bead','main_bead__pink','马粉','',14.00,'',16.00,16.00,999,0.00,'/admin/common/image/others/ba6fdfba-8879-4559-b57d-532a9fb4b8e0.png',NULL,NULL,0,1,'2025-12-21 20:59:33','2026-06-11 12:30:33'),(159,'main_bead','main_bead__pink','紫马粉','',8.00,'',6.00,6.00,999,0.00,'/admin/common/image/others/ba6fdfba-8879-4559-b57d-532a9fb4b8e0.png',NULL,NULL,0,1,'2025-12-21 20:59:59','2026-06-11 12:30:33'),(160,'main_bead','main_bead__pink','紫马粉','',10.00,'',11.00,11.00,999,0.00,'/admin/common/image/others/ba6fdfba-8879-4559-b57d-532a9fb4b8e0.png',NULL,NULL,0,1,'2025-12-21 21:00:18','2026-06-11 12:30:33'),(161,'main_bead','main_bead__pink','紫马粉','',12.00,'',16.00,16.00,999,0.00,'/admin/common/image/others/ba6fdfba-8879-4559-b57d-532a9fb4b8e0.png',NULL,NULL,0,1,'2025-12-21 21:00:51','2026-06-11 12:30:33'),(162,'main_bead','main_bead__pink','紫马粉','',14.00,'',18.00,18.00,999,0.00,'/admin/common/image/others/ba6fdfba-8879-4559-b57d-532a9fb4b8e0.png',NULL,NULL,0,1,'2025-12-21 21:01:07','2026-06-11 12:30:33'),(163,'main_bead','main_bead__pink','白水体草莓','',8.00,'',4.00,4.00,999,0.00,'/admin/common/image/others/ba6fdfba-8879-4559-b57d-532a9fb4b8e0.png',NULL,NULL,0,1,'2025-12-21 21:01:27','2026-06-11 12:30:33'),(164,'main_bead','main_bead__pink','白水体草莓','',10.00,'',8.00,8.00,999,0.00,'/admin/common/image/others/ba6fdfba-8879-4559-b57d-532a9fb4b8e0.png',NULL,NULL,0,1,'2025-12-21 21:01:42','2026-06-11 12:30:33'),(165,'main_bead','main_bead__pink','白水体草莓','',12.00,'',10.00,10.00,999,0.00,'/admin/common/image/others/ba6fdfba-8879-4559-b57d-532a9fb4b8e0.png',NULL,NULL,0,1,'2025-12-21 21:02:02','2026-06-11 12:30:33'),(166,'main_bead','main_bead__pink','白水体草莓','',14.00,'',14.00,14.00,999,0.00,'/admin/common/image/others/ba6fdfba-8879-4559-b57d-532a9fb4b8e0.png',NULL,NULL,0,1,'2025-12-21 21:02:29','2026-06-11 12:30:33'),(167,'main_bead','main_bead__pink','草莓晶','',8.00,'',4.00,4.00,999,0.00,'/admin/common/image/others/ba6fdfba-8879-4559-b57d-532a9fb4b8e0.png',NULL,NULL,0,1,'2025-12-21 21:02:51','2026-06-11 12:30:33'),(168,'main_bead','main_bead__pink','草莓晶','',10.00,'',8.00,8.00,999,0.00,'/admin/common/image/others/ba6fdfba-8879-4559-b57d-532a9fb4b8e0.png',NULL,NULL,0,1,'2025-12-21 21:03:36','2026-06-11 12:30:33'),(169,'main_bead','main_bead__pink','草莓晶','',12.00,'',10.00,10.00,999,0.00,'/admin/common/image/others/ba6fdfba-8879-4559-b57d-532a9fb4b8e0.png',NULL,NULL,0,1,'2025-12-21 21:04:00','2026-06-11 12:30:33'),(170,'main_bead','main_bead__pink','草莓晶','',14.00,'',14.00,14.00,999,0.00,'/admin/common/image/others/ba6fdfba-8879-4559-b57d-532a9fb4b8e0.png',NULL,NULL,0,1,'2025-12-21 21:04:14','2026-06-11 12:30:33'),(171,'main_bead','main_bead__pink','鸽血红草莓','',8.00,'',8.00,8.00,999,0.00,'/admin/common/image/others/ba6fdfba-8879-4559-b57d-532a9fb4b8e0.png',NULL,NULL,0,1,'2025-12-21 21:05:11','2026-06-11 12:30:33'),(172,'pendant','pendant_diaozhui','鸽血红草莓','',10.00,'',10.00,10.00,988,0.00,'/admin/common/image/others/ba6fdfba-8879-4559-b57d-532a9fb4b8e0.png',NULL,NULL,0,1,'2025-12-21 21:05:26','2026-06-11 12:30:33'),(173,'main_bead','main_bead__pink','鸽血红草莓','',12.00,'',12.00,12.00,999,0.00,'/admin/common/image/others/ba6fdfba-8879-4559-b57d-532a9fb4b8e0.png',NULL,NULL,0,1,'2025-12-21 21:05:39','2026-06-11 12:30:33'),(174,'main_bead','main_bead__pink','鸽血红草莓','',14.00,'',16.00,16.00,999,0.00,'/admin/common/image/others/ba6fdfba-8879-4559-b57d-532a9fb4b8e0.png',NULL,NULL,0,1,'2025-12-21 21:05:57','2026-06-11 12:30:33'),(175,'main_bead','main_bead__pink','车厘子草莓晶','',8.00,'',15.00,15.00,999,0.00,'/admin/common/image/others/ba6fdfba-8879-4559-b57d-532a9fb4b8e0.png',NULL,NULL,0,1,'2025-12-21 21:06:20','2026-06-11 12:30:33'),(176,'main_bead','main_bead__pink','车厘子草莓晶','',10.00,'',22.00,22.00,999,0.00,'/admin/common/image/others/ba6fdfba-8879-4559-b57d-532a9fb4b8e0.png',NULL,NULL,0,1,'2025-12-21 21:06:37','2026-06-11 12:30:33'),(177,'main_bead','main_bead__pink','车厘子草莓晶','',12.00,'',29.00,29.00,999,0.00,'/admin/common/image/others/ba6fdfba-8879-4559-b57d-532a9fb4b8e0.png',NULL,NULL,0,1,'2025-12-21 21:06:51','2026-06-11 12:30:33'),(178,'main_bead','main_bead__pink','车厘子草莓晶','',14.00,'',35.00,35.00,999,0.00,'/admin/common/image/others/ba6fdfba-8879-4559-b57d-532a9fb4b8e0.png',NULL,NULL,0,1,'2025-12-21 21:07:04','2026-06-11 12:30:33'),(179,'main_bead','main_bead__pink','车厘子草莓晶','',16.00,'',48.00,48.00,999,0.00,'/admin/common/image/others/ba6fdfba-8879-4559-b57d-532a9fb4b8e0.png',NULL,NULL,0,1,'2025-12-21 21:07:28','2026-06-11 12:30:33'),(180,'main_bead','main_bead__pink','红纹石','',8.00,'',28.00,28.00,999,0.00,'/admin/common/image/others/ba6fdfba-8879-4559-b57d-532a9fb4b8e0.png',NULL,NULL,0,1,'2025-12-21 21:08:41','2026-06-11 12:30:33'),(181,'main_bead','main_bead__pink','红纹石','',10.00,'',42.00,42.00,999,0.00,'/admin/common/image/others/ba6fdfba-8879-4559-b57d-532a9fb4b8e0.png',NULL,NULL,0,1,'2025-12-21 21:09:03','2026-06-11 12:30:33'),(182,'main_bead','main_bead__pink','红纹石','',12.00,'',76.00,76.00,999,0.00,'/admin/common/image/others/ba6fdfba-8879-4559-b57d-532a9fb4b8e0.png',NULL,NULL,0,1,'2025-12-21 21:09:20','2026-06-11 12:30:33'),(183,'main_bead','main_bead__pink','蔷薇石','',8.00,'',12.00,12.00,999,0.00,'/admin/common/image/others/ba6fdfba-8879-4559-b57d-532a9fb4b8e0.png',NULL,NULL,0,1,'2025-12-21 21:09:45','2026-06-11 12:30:33'),(184,'main_bead','main_bead__pink','蔷薇石','',10.00,'',18.00,18.00,999,0.00,'/admin/common/image/others/ba6fdfba-8879-4559-b57d-532a9fb4b8e0.png',NULL,NULL,0,1,'2025-12-21 21:10:05','2026-06-11 12:30:33'),(185,'main_bead','main_bead__pink','蔷薇石','',12.00,'',22.00,22.00,999,0.00,'/admin/common/image/others/ba6fdfba-8879-4559-b57d-532a9fb4b8e0.png',NULL,NULL,0,1,'2025-12-21 21:10:41','2026-06-11 12:30:33'),(186,'main_bead','main_bead__pink','樱花雨','',8.00,'',8.00,8.00,999,0.00,'/admin/common/image/others/ba6fdfba-8879-4559-b57d-532a9fb4b8e0.png',NULL,NULL,0,1,'2025-12-21 21:11:16','2026-06-11 12:30:33'),(187,'main_bead','main_bead__pink','樱花雨','',10.00,'',12.00,12.00,999,0.00,'/admin/common/image/others/ba6fdfba-8879-4559-b57d-532a9fb4b8e0.png',NULL,NULL,0,1,'2025-12-21 21:11:32','2026-06-11 12:30:33'),(188,'main_bead','main_bead__pink','樱花雨','',12.00,'',16.00,16.00,999,0.00,'/admin/common/image/others/ba6fdfba-8879-4559-b57d-532a9fb4b8e0.png',NULL,NULL,0,1,'2025-12-21 21:11:50','2026-06-11 12:30:33'),(189,'main_bead','main_bead__pink','樱花雨','',14.00,'',19.00,19.00,999,0.00,'/admin/common/image/others/ba6fdfba-8879-4559-b57d-532a9fb4b8e0.png',NULL,NULL,0,1,'2025-12-21 21:12:09','2026-06-11 12:30:33'),(190,'main_bead','main_bead__pink','红胶花','',8.00,'',10.00,10.00,999,0.00,'/admin/common/image/others/ba6fdfba-8879-4559-b57d-532a9fb4b8e0.png',NULL,NULL,0,1,'2025-12-21 21:12:36','2026-06-11 12:30:33'),(191,'main_bead','main_bead__pink','红胶花','',10.00,'',12.00,12.00,999,0.00,'/admin/common/image/others/ba6fdfba-8879-4559-b57d-532a9fb4b8e0.png',NULL,NULL,0,1,'2025-12-21 21:12:59','2026-06-11 12:30:33'),(192,'main_bead','main_bead__pink','红胶花','',12.00,'',15.00,15.00,999,0.00,'/admin/common/image/others/ba6fdfba-8879-4559-b57d-532a9fb4b8e0.png',NULL,NULL,0,1,'2025-12-21 21:13:14','2026-06-11 12:30:33'),(193,'main_bead','main_bead__pink','红胶花','',14.00,'',17.00,17.00,999,0.00,'/admin/common/image/others/ba6fdfba-8879-4559-b57d-532a9fb4b8e0.png',NULL,NULL,0,1,'2025-12-21 21:13:31','2026-06-11 12:30:33'),(194,'main_bead','main_bead__pink','红玛瑙','',8.00,'',6.00,6.00,999,0.00,'/admin/common/image/others/ba6fdfba-8879-4559-b57d-532a9fb4b8e0.png',NULL,NULL,0,1,'2025-12-21 21:13:54','2026-06-11 12:30:33'),(195,'main_bead','main_bead__pink','红玛瑙','',10.00,'',8.00,8.00,999,0.00,'/admin/common/image/others/ba6fdfba-8879-4559-b57d-532a9fb4b8e0.png',NULL,NULL,0,1,'2025-12-21 21:14:16','2026-06-11 12:30:33'),(196,'main_bead','main_bead__pink','红玛瑙','',12.00,'',10.00,10.00,999,0.00,'/admin/common/image/others/ba6fdfba-8879-4559-b57d-532a9fb4b8e0.png',NULL,NULL,0,1,'2025-12-21 21:16:24','2026-06-11 12:30:33'),(197,'main_bead','main_bead__pink','红玛瑙','',14.00,'',12.00,12.00,999,0.00,'/admin/common/image/others/ba6fdfba-8879-4559-b57d-532a9fb4b8e0.png',NULL,NULL,0,1,'2025-12-21 21:16:41','2026-06-11 12:30:33'),(198,'main_bead','main_bead__pink','红玛瑙','',16.00,'',13.00,13.00,999,0.00,'/admin/common/image/others/ba6fdfba-8879-4559-b57d-532a9fb4b8e0.png',NULL,NULL,0,1,'2025-12-21 21:17:05','2026-06-11 12:30:33'),(199,'main_bead','main_bead__pink','南红玛瑙','',8.00,'',6.00,6.00,999,0.00,'/admin/common/image/others/ba6fdfba-8879-4559-b57d-532a9fb4b8e0.png',NULL,NULL,0,1,'2025-12-21 21:17:33','2026-06-11 12:30:33'),(200,'main_bead','main_bead__pink','南红玛瑙','',10.00,'',9.00,9.00,999,0.00,'/admin/common/image/others/ba6fdfba-8879-4559-b57d-532a9fb4b8e0.png',NULL,NULL,0,1,'2025-12-21 21:17:51','2026-06-11 12:30:33'),(201,'main_bead','main_bead__pink','南红玛瑙','',12.00,'',11.00,11.00,999,0.00,'/admin/common/image/others/ba6fdfba-8879-4559-b57d-532a9fb4b8e0.png',NULL,NULL,0,1,'2025-12-21 21:18:04','2026-06-11 12:30:33'),(202,'main_bead','main_bead__pink','南红玛瑙','',14.00,'',15.00,15.00,999,0.00,'/admin/common/image/others/ba6fdfba-8879-4559-b57d-532a9fb4b8e0.png',NULL,NULL,0,1,'2025-12-21 21:18:19','2026-06-11 12:30:33'),(203,'main_bead','main_bead__pink','南红玛瑙','',16.00,'',14.00,14.00,999,0.00,'/admin/common/image/others/ba6fdfba-8879-4559-b57d-532a9fb4b8e0.png',NULL,NULL,0,1,'2025-12-21 21:18:34','2026-06-11 12:30:33'),(204,'main_bead','main_bead__pink','高含量红砂','',8.00,'',6.00,6.00,999,0.00,'/admin/common/image/others/ba6fdfba-8879-4559-b57d-532a9fb4b8e0.png',NULL,NULL,0,1,'2025-12-21 21:19:15','2026-06-11 12:30:33'),(205,'main_bead','main_bead__pink','高含量红砂','',10.00,'',11.00,11.00,999,0.00,'/admin/common/image/others/ba6fdfba-8879-4559-b57d-532a9fb4b8e0.png',NULL,NULL,0,1,'2025-12-21 21:19:34','2026-06-11 12:30:33'),(206,'main_bead','main_bead__pink','高含量红砂','',12.00,'',18.00,18.00,999,0.00,'/admin/common/image/others/ba6fdfba-8879-4559-b57d-532a9fb4b8e0.png',NULL,NULL,0,1,'2025-12-21 21:19:51','2026-06-11 12:30:33'),(207,'main_bead','main_bead__pink','高含量红砂','',14.00,'',22.00,22.00,999,0.00,'/admin/common/image/others/ba6fdfba-8879-4559-b57d-532a9fb4b8e0.png',NULL,NULL,0,1,'2025-12-21 21:20:07','2026-06-11 12:30:33'),(208,'main_bead','main_bead__pink','高含量红砂','',16.00,'',26.00,26.00,999,0.00,'/admin/common/image/others/ba6fdfba-8879-4559-b57d-532a9fb4b8e0.png',NULL,NULL,0,1,'2025-12-21 21:20:21','2026-06-11 12:30:33'),(209,'main_bead','main_bead__pink','高含量帝王砂','',8.00,'',6.00,6.00,999,0.00,'/admin/common/image/others/ba6fdfba-8879-4559-b57d-532a9fb4b8e0.png',NULL,NULL,0,1,'2025-12-21 21:20:42','2026-06-11 12:30:33'),(210,'main_bead','main_bead__pink','高含量帝王砂','',10.00,'',11.00,11.00,999,0.00,'/admin/common/image/others/ba6fdfba-8879-4559-b57d-532a9fb4b8e0.png',NULL,NULL,0,1,'2025-12-21 21:20:58','2026-06-11 12:30:33'),(211,'main_bead','main_bead__pink','高含量帝王砂','',12.00,'',18.00,18.00,999,0.00,'/admin/common/image/others/ba6fdfba-8879-4559-b57d-532a9fb4b8e0.png',NULL,NULL,0,1,'2025-12-21 21:21:14','2026-06-11 12:30:33'),(212,'main_bead','main_bead__pink','高含量帝王砂','',14.00,'',22.00,22.00,999,0.00,'/admin/common/image/others/ba6fdfba-8879-4559-b57d-532a9fb4b8e0.png',NULL,NULL,0,1,'2025-12-21 21:21:28','2026-06-11 12:30:33'),(213,'main_bead','main_bead__pink','高含量帝王砂','',16.00,'',26.00,26.00,999,0.00,'/admin/common/image/others/ba6fdfba-8879-4559-b57d-532a9fb4b8e0.png',NULL,NULL,0,1,'2025-12-21 21:21:42','2026-06-11 12:30:33'),(214,'main_bead','main_bead__pink','高含量紫金砂','',8.00,'',7.00,7.00,999,0.00,'/admin/common/image/others/ba6fdfba-8879-4559-b57d-532a9fb4b8e0.png',NULL,NULL,0,1,'2025-12-21 21:22:12','2026-06-11 12:30:33'),(215,'main_bead','main_bead__pink','高含量紫金砂','',10.00,'',11.00,11.00,999,0.00,'/admin/common/image/others/ba6fdfba-8879-4559-b57d-532a9fb4b8e0.png',NULL,NULL,0,1,'2025-12-21 21:22:28','2026-06-11 12:30:33'),(216,'main_bead','main_bead__pink','高含量紫金砂','',12.00,'',18.00,18.00,999,0.00,'/admin/common/image/others/ba6fdfba-8879-4559-b57d-532a9fb4b8e0.png',NULL,NULL,0,1,'2025-12-21 21:22:43','2026-06-11 12:30:33'),(217,'main_bead','main_bead__pink','高含量紫金砂','',14.00,'',22.00,22.00,999,0.00,'/admin/common/image/others/ba6fdfba-8879-4559-b57d-532a9fb4b8e0.png',NULL,NULL,0,1,'2025-12-21 21:22:56','2026-06-11 12:30:33'),(218,'main_bead','main_bead__pink','高含量紫金砂','',16.00,'',26.00,26.00,999,0.00,'/admin/common/image/others/ba6fdfba-8879-4559-b57d-532a9fb4b8e0.png',NULL,NULL,0,1,'2025-12-21 21:23:13','2026-06-11 12:30:33'),(219,'main_bead','main_bead__pink','橙红石榴石','',8.00,'',12.00,12.00,999,0.00,'/admin/common/image/others/ba6fdfba-8879-4559-b57d-532a9fb4b8e0.png',NULL,NULL,0,1,'2025-12-21 21:23:53','2026-06-11 12:30:33'),(220,'main_bead','main_bead__pink','橙红石榴石','',10.00,'',19.00,19.00,999,0.00,'/admin/common/image/others/ba6fdfba-8879-4559-b57d-532a9fb4b8e0.png',NULL,NULL,0,1,'2025-12-21 21:24:10','2026-06-11 12:30:33'),(221,'main_bead','main_bead__pink','橙红石榴石','',12.00,'',29.00,29.00,999,0.00,'/admin/common/image/others/ba6fdfba-8879-4559-b57d-532a9fb4b8e0.png',NULL,NULL,0,1,'2025-12-21 21:24:26','2026-06-11 12:30:33'),(222,'main_bead','main_bead__pink','酒红石榴石','',8.00,'',15.00,15.00,999,0.00,'/admin/common/image/others/ba6fdfba-8879-4559-b57d-532a9fb4b8e0.png',NULL,NULL,0,1,'2025-12-21 21:24:45','2026-06-11 12:30:33'),(223,'main_bead','main_bead__pink','酒红石榴石','',10.00,'',22.00,22.00,999,0.00,'/admin/common/image/others/ba6fdfba-8879-4559-b57d-532a9fb4b8e0.png',NULL,NULL,0,1,'2025-12-21 21:25:02','2026-06-11 12:30:33'),(224,'main_bead','main_bead__pink','酒红石榴石','',12.00,'',33.00,33.00,999,0.00,'/admin/common/image/others/ba6fdfba-8879-4559-b57d-532a9fb4b8e0.png',NULL,NULL,0,1,'2025-12-21 21:25:17','2026-06-11 12:30:33'),(225,'main_bead','main_bead__pink','红虎眼','',8.00,'',4.00,4.00,999,0.00,'/admin/common/image/others/ba6fdfba-8879-4559-b57d-532a9fb4b8e0.png',NULL,NULL,0,1,'2025-12-21 21:25:34','2026-06-11 12:30:33'),(226,'main_bead','main_bead__pink','红虎眼','',10.00,'',6.00,6.00,999,0.00,'/admin/common/image/others/ba6fdfba-8879-4559-b57d-532a9fb4b8e0.png',NULL,NULL,0,1,'2025-12-21 21:27:02','2026-06-11 12:30:33'),(227,'main_bead','main_bead__pink','红虎眼','',12.00,'',8.00,8.00,999,0.00,'/admin/common/image/others/ba6fdfba-8879-4559-b57d-532a9fb4b8e0.png',NULL,NULL,0,1,'2025-12-21 21:27:30','2026-06-11 12:30:33'),(228,'main_bead','main_bead__pink','红虎眼','',14.00,'',12.00,12.00,999,0.00,'/admin/common/image/others/ba6fdfba-8879-4559-b57d-532a9fb4b8e0.png',NULL,NULL,0,1,'2025-12-21 21:27:50','2026-06-11 12:30:33'),(229,'main_bead','main_bead__pink','粉月光','',8.00,'',28.00,28.00,999,0.00,'/admin/common/image/others/ba6fdfba-8879-4559-b57d-532a9fb4b8e0.png',NULL,NULL,0,1,'2025-12-21 21:28:12','2026-06-11 12:30:33'),(230,'main_bead','main_bead__pink','粉月光','',10.00,'',38.00,38.00,999,0.00,'/admin/common/image/others/ba6fdfba-8879-4559-b57d-532a9fb4b8e0.png',NULL,NULL,0,1,'2025-12-21 21:28:28','2026-06-11 12:30:33'),(231,'main_bead','main_bead__pink','粉月光','',12.00,'',50.00,50.00,999,0.00,'/admin/common/image/others/ba6fdfba-8879-4559-b57d-532a9fb4b8e0.png',NULL,NULL,0,1,'2025-12-21 21:28:43','2026-06-11 12:30:33'),(232,'main_bead','main_bead__pink','红锂云母','',8.00,'',10.00,10.00,999,0.00,'/admin/common/image/others/ba6fdfba-8879-4559-b57d-532a9fb4b8e0.png',NULL,NULL,0,1,'2025-12-21 21:29:05','2026-06-11 12:30:33'),(233,'main_bead','main_bead__pink','红锂云母','',10.00,'',15.00,15.00,1000,0.00,'/admin/common/image/others/ba6fdfba-8879-4559-b57d-532a9fb4b8e0.png',NULL,NULL,0,1,'2025-12-21 21:29:26','2026-06-11 12:30:33'),(234,'main_bead','main_bead__pink','红锂云母','',12.00,'',23.00,23.00,999,0.00,'/admin/common/image/others/ba6fdfba-8879-4559-b57d-532a9fb4b8e0.png',NULL,NULL,0,1,'2025-12-21 21:29:38','2026-06-11 12:30:33'),(235,'main_bead','main_bead__pink','红锂云母','',14.00,'',30.00,30.00,999,0.00,'/admin/common/image/others/ba6fdfba-8879-4559-b57d-532a9fb4b8e0.png',NULL,NULL,0,1,'2025-12-21 21:29:54','2026-06-11 12:30:33'),(236,'main_bead','main_bead__pink','粉玉髓','',8.00,'',4.00,4.00,999,0.00,'/admin/common/image/others/ba6fdfba-8879-4559-b57d-532a9fb4b8e0.png',NULL,NULL,0,1,'2025-12-21 21:30:18','2026-06-11 12:30:33'),(237,'main_bead','main_bead__pink','粉玉髓','',10.00,'',5.00,5.00,999,0.00,'/admin/common/image/others/ba6fdfba-8879-4559-b57d-532a9fb4b8e0.png',NULL,NULL,0,1,'2025-12-21 21:30:39','2026-06-11 12:30:33'),(238,'main_bead','main_bead__pink','粉玉髓','',12.00,'',6.00,6.00,999,0.00,'/admin/common/image/others/ba6fdfba-8879-4559-b57d-532a9fb4b8e0.png',NULL,NULL,0,1,'2025-12-21 21:30:57','2026-06-11 12:30:33'),(239,'main_bead','main_bead__pink','粉锂云母','',8.00,'',10.00,10.00,999,0.00,'/admin/common/image/others/ba6fdfba-8879-4559-b57d-532a9fb4b8e0.png',NULL,NULL,0,1,'2025-12-21 21:31:22','2026-06-11 12:30:33'),(240,'main_bead','main_bead__pink','粉锂云母','',10.00,'',15.00,15.00,999,0.00,'/admin/common/image/others/ba6fdfba-8879-4559-b57d-532a9fb4b8e0.png',NULL,NULL,0,1,'2025-12-21 21:31:37','2026-06-11 12:30:33'),(241,'main_bead','main_bead__pink','粉锂云母','',12.00,'',23.00,23.00,999,0.00,'/admin/common/image/others/ba6fdfba-8879-4559-b57d-532a9fb4b8e0.png',NULL,NULL,0,1,'2025-12-21 21:32:28','2026-06-11 12:30:33'),(242,'main_bead','main_bead__pink','粉锂云母','',14.00,'',30.00,30.00,999,0.00,'/admin/common/image/others/ba6fdfba-8879-4559-b57d-532a9fb4b8e0.png',NULL,NULL,0,1,'2025-12-21 21:32:41','2026-06-11 12:30:33'),(243,'main_bead','main_bead__pink','粉祖母','',8.00,'',7.00,7.00,999,0.00,'/admin/common/image/others/ba6fdfba-8879-4559-b57d-532a9fb4b8e0.png',NULL,NULL,0,1,'2025-12-21 21:33:01','2026-06-11 12:30:33'),(244,'main_bead','main_bead__pink','粉祖母','',10.00,'',10.00,10.00,999,0.00,'/admin/common/image/others/ba6fdfba-8879-4559-b57d-532a9fb4b8e0.png',NULL,NULL,0,1,'2025-12-21 21:33:31','2026-06-11 12:30:33'),(245,'main_bead','main_bead__pink','粉祖母','',12.00,'',14.00,14.00,999,0.00,'/admin/common/image/others/ba6fdfba-8879-4559-b57d-532a9fb4b8e0.png',NULL,NULL,0,1,'2025-12-21 21:33:44','2026-06-11 12:30:33'),(246,'main_bead','main_bead__pink','粉祖母','',14.00,'',18.00,18.00,999,0.00,'/admin/common/image/others/ba6fdfba-8879-4559-b57d-532a9fb4b8e0.png',NULL,NULL,0,1,'2025-12-21 21:34:00','2026-06-11 12:30:33'),(247,'main_bead','main_bead__pink','粉雪花幽灵','',8.00,'',8.00,8.00,999,0.00,'/admin/common/image/others/ba6fdfba-8879-4559-b57d-532a9fb4b8e0.png',NULL,NULL,0,1,'2025-12-21 21:34:22','2026-06-11 12:30:33'),(248,'main_bead','main_bead__pink','粉雪花幽灵','',10.00,'',11.00,11.00,999,0.00,'/admin/common/image/others/ba6fdfba-8879-4559-b57d-532a9fb4b8e0.png',NULL,NULL,0,1,'2025-12-21 21:34:34','2026-06-11 12:30:33'),(249,'main_bead','main_bead__pink','粉雪花幽灵','',12.00,'',16.00,16.00,999,0.00,'/admin/common/image/others/ba6fdfba-8879-4559-b57d-532a9fb4b8e0.png',NULL,NULL,0,1,'2025-12-21 21:34:47','2026-06-11 12:30:33'),(250,'main_bead','main_bead__pink','粉雪花幽灵','',14.00,'',20.00,20.00,999,0.00,'/admin/common/image/others/ba6fdfba-8879-4559-b57d-532a9fb4b8e0.png',NULL,NULL,0,1,'2025-12-21 21:35:02','2026-06-11 12:30:33'),(251,'main_bead','main_bead__pink','粉阿塞','',8.00,'',6.00,6.00,999,0.00,'/admin/common/image/others/ba6fdfba-8879-4559-b57d-532a9fb4b8e0.png',NULL,NULL,0,1,'2025-12-21 21:35:20','2026-06-11 12:30:33'),(252,'main_bead','main_bead__pink','粉阿塞','',10.00,'',8.00,8.00,999,0.00,'/admin/common/image/others/ba6fdfba-8879-4559-b57d-532a9fb4b8e0.png',NULL,NULL,0,1,'2025-12-21 21:37:03','2026-06-11 12:30:33'),(253,'main_bead','main_bead__pink','粉阿塞','',12.00,'',11.00,11.00,999,0.00,'/admin/common/image/others/ba6fdfba-8879-4559-b57d-532a9fb4b8e0.png',NULL,NULL,0,1,'2025-12-21 21:37:16','2026-06-11 12:30:33'),(254,'main_bead','main_bead__pink','粉阿塞','',14.00,'',15.00,15.00,999,0.00,'/admin/common/image/others/ba6fdfba-8879-4559-b57d-532a9fb4b8e0.png',NULL,NULL,0,1,'2025-12-21 21:37:29','2026-06-11 12:30:33'),(255,'main_bead','main_bead__pink','粉阿塞','',16.00,'',19.00,19.00,999,0.00,'/admin/common/image/others/ba6fdfba-8879-4559-b57d-532a9fb4b8e0.png',NULL,NULL,0,1,'2025-12-21 21:37:43','2026-06-11 12:30:33'),(256,'main_bead','main_bead__yellow','蜂蜜奶盖','',8.00,'',6.00,6.00,999,0.00,'/admin/common/image/others/ba6fdfba-8879-4559-b57d-532a9fb4b8e0.png',NULL,NULL,0,1,'2025-12-21 21:38:10','2026-06-11 12:30:33'),(257,'main_bead','main_bead__yellow','蜂蜜奶盖','',10.00,'',9.00,9.00,999,0.00,'/admin/common/image/others/ba6fdfba-8879-4559-b57d-532a9fb4b8e0.png',NULL,NULL,0,1,'2025-12-21 21:38:26','2026-06-11 12:30:33'),(258,'main_bead','main_bead__yellow','蜂蜜奶盖','',12.00,'',13.00,13.00,999,0.00,'/admin/common/image/others/ba6fdfba-8879-4559-b57d-532a9fb4b8e0.png',NULL,NULL,0,1,'2025-12-21 21:39:12','2026-06-11 12:30:33'),(259,'main_bead','main_bead__yellow','蜂蜜奶盖','',14.00,'',16.00,16.00,999,0.00,'/admin/common/image/others/ba6fdfba-8879-4559-b57d-532a9fb4b8e0.png',NULL,NULL,0,1,'2025-12-21 21:39:25','2026-06-11 12:30:33'),(260,'main_bead','main_bead__yellow','暴力黄塔晶','',8.00,'',11.00,11.00,999,0.00,'/admin/common/image/others/ba6fdfba-8879-4559-b57d-532a9fb4b8e0.png',NULL,NULL,0,1,'2025-12-21 21:39:52','2026-06-11 12:30:33'),(261,'main_bead','main_bead__yellow','暴力黄塔晶','',10.00,'',15.00,15.00,999,0.00,'/admin/common/image/others/ba6fdfba-8879-4559-b57d-532a9fb4b8e0.png',NULL,NULL,0,1,'2025-12-21 21:40:06','2026-06-11 12:30:33'),(262,'main_bead','main_bead__yellow','暴力黄塔晶','',12.00,'',26.00,26.00,999,0.00,'/admin/common/image/others/ba6fdfba-8879-4559-b57d-532a9fb4b8e0.png',NULL,NULL,0,1,'2025-12-21 21:40:25','2026-06-11 12:30:33'),(263,'main_bead','main_bead__yellow','暴力黄塔晶','',14.00,'',48.00,48.00,999,0.00,'/admin/common/image/others/ba6fdfba-8879-4559-b57d-532a9fb4b8e0.png',NULL,NULL,0,1,'2025-12-21 21:40:38','2026-06-11 12:30:33'),(264,'main_bead','main_bead__yellow','暴力黄塔晶','',16.00,'',80.00,80.00,999,0.00,'/admin/common/image/others/ba6fdfba-8879-4559-b57d-532a9fb4b8e0.png',NULL,NULL,0,1,'2025-12-21 21:40:53','2026-06-11 12:30:33'),(265,'main_bead','main_bead__yellow','柠檬黄','',8.00,'',6.00,6.00,999,0.00,'/admin/common/image/others/ba6fdfba-8879-4559-b57d-532a9fb4b8e0.png',NULL,NULL,0,1,'2025-12-21 21:41:16','2026-06-11 12:30:33'),(266,'main_bead','main_bead__yellow','柠檬黄','',10.00,'',9.00,9.00,999,0.00,'/admin/common/image/others/ba6fdfba-8879-4559-b57d-532a9fb4b8e0.png',NULL,NULL,0,1,'2025-12-21 21:41:36','2026-06-11 12:30:33'),(267,'main_bead','main_bead__yellow','柠檬黄','',12.00,'',14.00,14.00,999,0.00,'/admin/common/image/others/ba6fdfba-8879-4559-b57d-532a9fb4b8e0.png',NULL,NULL,0,1,'2025-12-21 21:41:49','2026-06-11 12:30:33'),(268,'main_bead','main_bead__yellow','柠檬黄','',14.00,'',17.00,17.00,999,0.00,'/admin/common/image/others/ba6fdfba-8879-4559-b57d-532a9fb4b8e0.png',NULL,NULL,0,1,'2025-12-21 21:42:02','2026-06-11 12:30:33'),(269,'main_bead','main_bead__yellow','黄萤石','',8.00,'',6.00,6.00,999,0.00,'/admin/common/image/others/ba6fdfba-8879-4559-b57d-532a9fb4b8e0.png',NULL,NULL,0,1,'2025-12-21 21:42:26','2026-06-11 12:30:33'),(270,'main_bead','main_bead__yellow','黄萤石','',10.00,'',10.00,10.00,999,0.00,'/admin/common/image/others/ba6fdfba-8879-4559-b57d-532a9fb4b8e0.png',NULL,NULL,0,1,'2025-12-21 21:42:39','2026-06-11 12:30:33'),(271,'main_bead','main_bead__yellow','黄萤石','',12.00,'',14.00,14.00,999,0.00,'/admin/common/image/others/ba6fdfba-8879-4559-b57d-532a9fb4b8e0.png',NULL,NULL,0,1,'2025-12-21 21:42:51','2026-06-11 12:30:33'),(272,'main_bead','main_bead__yellow','黄萤石','',14.00,'',18.00,18.00,999,0.00,'/admin/common/image/others/ba6fdfba-8879-4559-b57d-532a9fb4b8e0.png',NULL,NULL,0,1,'2025-12-21 21:43:02','2026-06-11 12:30:33'),(273,'main_bead','main_bead__yellow','黄阿塞','',8.00,'',6.00,6.00,999,0.00,'/admin/common/image/others/ba6fdfba-8879-4559-b57d-532a9fb4b8e0.png',NULL,NULL,0,1,'2025-12-21 21:43:23','2026-06-11 12:30:33'),(274,'main_bead','main_bead__yellow','黄阿塞','',10.00,'',10.00,10.00,999,0.00,'/admin/common/image/others/ba6fdfba-8879-4559-b57d-532a9fb4b8e0.png',NULL,NULL,0,1,'2025-12-21 21:43:39','2026-06-11 12:30:33'),(275,'main_bead','main_bead__yellow','黄阿塞','',12.00,'',12.00,12.00,999,0.00,'/admin/common/image/others/ba6fdfba-8879-4559-b57d-532a9fb4b8e0.png',NULL,NULL,0,1,'2025-12-21 21:43:54','2026-06-11 12:30:33'),(276,'main_bead','main_bead__yellow','黄阿塞','',14.00,'',18.00,18.00,999,0.00,'/admin/common/image/others/ba6fdfba-8879-4559-b57d-532a9fb4b8e0.png',NULL,NULL,0,1,'2025-12-21 21:44:09','2026-06-11 12:30:33'),(277,'main_bead','main_bead__yellow','黄发晶发丝少','',8.00,'',15.00,15.00,999,0.00,'/admin/common/image/others/ba6fdfba-8879-4559-b57d-532a9fb4b8e0.png',NULL,NULL,0,1,'2025-12-21 21:45:33','2026-06-11 12:30:33'),(278,'main_bead','main_bead__yellow','黄发晶发丝少','',10.00,'',22.00,22.00,999,0.00,'/admin/common/image/others/ba6fdfba-8879-4559-b57d-532a9fb4b8e0.png',NULL,NULL,0,1,'2025-12-21 21:45:47','2026-06-11 12:30:33'),(279,'main_bead','main_bead__yellow','黄发晶发丝少','',12.00,'',30.00,30.00,999,0.00,'/admin/common/image/others/ba6fdfba-8879-4559-b57d-532a9fb4b8e0.png',NULL,NULL,0,1,'2025-12-21 21:46:04','2026-06-11 12:30:33'),(280,'main_bead','main_bead__yellow','黄发晶发丝多','',8.00,'',20.00,20.00,999,0.00,'/admin/common/image/others/ba6fdfba-8879-4559-b57d-532a9fb4b8e0.png',NULL,NULL,0,1,'2025-12-21 21:46:24','2026-06-11 12:30:33'),(281,'main_bead','main_bead__yellow','黄发晶发丝多','',10.00,'',34.00,34.00,999,0.00,'/admin/common/image/others/ba6fdfba-8879-4559-b57d-532a9fb4b8e0.png',NULL,NULL,0,1,'2025-12-21 21:46:38','2026-06-11 12:30:33'),(282,'main_bead','main_bead__yellow','黄发晶发丝多','',12.00,'',48.00,48.00,999,0.00,'/admin/common/image/others/ba6fdfba-8879-4559-b57d-532a9fb4b8e0.png',NULL,NULL,0,1,'2025-12-21 21:46:51','2026-06-11 12:30:33'),(283,'main_bead','main_bead__yellow','透体金发晶','',8.00,'',25.00,25.00,999,0.00,'/admin/common/image/others/ba6fdfba-8879-4559-b57d-532a9fb4b8e0.png',NULL,NULL,0,1,'2025-12-21 21:47:11','2026-06-11 12:30:33'),(284,'main_bead','main_bead__yellow','透体金发晶','',10.00,'',38.00,38.00,999,0.00,'/admin/common/image/others/ba6fdfba-8879-4559-b57d-532a9fb4b8e0.png',NULL,NULL,0,1,'2025-12-21 21:47:26','2026-06-11 12:30:33'),(285,'main_bead','main_bead__yellow','透体金发晶','',12.00,'',50.00,50.00,999,0.00,'/admin/common/image/others/ba6fdfba-8879-4559-b57d-532a9fb4b8e0.png',NULL,NULL,0,1,'2025-12-21 21:47:38','2026-06-11 12:30:33'),(286,'main_bead','main_bead__yellow','透体金发晶','',14.00,'',72.00,72.00,999,0.00,'/admin/common/image/others/ba6fdfba-8879-4559-b57d-532a9fb4b8e0.png',NULL,NULL,0,1,'2025-12-21 21:47:53','2026-06-11 12:30:33'),(287,'main_bead','main_bead__yellow','黄玛瑙','',8.00,'',4.00,4.00,999,0.00,'/admin/common/image/others/ba6fdfba-8879-4559-b57d-532a9fb4b8e0.png',NULL,NULL,0,1,'2025-12-21 21:48:15','2026-06-11 12:30:33'),(288,'main_bead','main_bead__yellow','黄玛瑙','',10.00,'',5.00,5.00,999,0.00,'/admin/common/image/others/ba6fdfba-8879-4559-b57d-532a9fb4b8e0.png',NULL,NULL,0,1,'2025-12-21 21:48:37','2026-06-11 12:30:33'),(290,'main_bead','main_bead__yellow','黄玛瑙','',12.00,'',6.00,6.00,999,0.00,'/admin/common/image/others/ba6fdfba-8879-4559-b57d-532a9fb4b8e0.png',NULL,NULL,0,1,'2025-12-21 21:50:54','2026-06-11 12:30:33'),(291,'main_bead','main_bead__yellow','黄胶花','',8.00,'',4.00,4.00,999,0.00,'/admin/common/image/others/ba6fdfba-8879-4559-b57d-532a9fb4b8e0.png',NULL,NULL,0,1,'2025-12-21 21:51:27','2026-06-11 12:30:33'),(292,'main_bead','main_bead__yellow','黄胶花','',10.00,'',7.00,7.00,999,0.00,'/admin/common/image/others/ba6fdfba-8879-4559-b57d-532a9fb4b8e0.png',NULL,NULL,0,1,'2025-12-21 21:51:41','2026-06-11 12:30:33'),(293,'main_bead','main_bead__yellow','黄胶花','',12.00,'',14.00,14.00,999,0.00,'/admin/common/image/others/ba6fdfba-8879-4559-b57d-532a9fb4b8e0.png',NULL,NULL,0,1,'2025-12-21 21:51:55','2026-06-11 12:30:33'),(294,'main_bead','main_bead__yellow','黄胶花','',14.00,'',17.00,17.00,999,0.00,'/admin/common/image/others/ba6fdfba-8879-4559-b57d-532a9fb4b8e0.png',NULL,NULL,0,1,'2025-12-21 21:52:08','2026-06-11 12:30:33'),(295,'main_bead','main_bead__yellow','蜜蜡','',8.00,'',14.00,14.00,999,0.00,'/admin/common/image/others/ba6fdfba-8879-4559-b57d-532a9fb4b8e0.png',NULL,NULL,0,1,'2025-12-21 21:52:30','2026-06-11 12:30:33'),(296,'main_bead','main_bead__yellow','蜜蜡','',10.00,'',30.00,30.00,999,0.00,'/admin/common/image/others/ba6fdfba-8879-4559-b57d-532a9fb4b8e0.png',NULL,NULL,0,1,'2025-12-21 21:52:47','2026-06-11 12:30:33'),(297,'main_bead','main_bead__yellow','蜜蜡','',12.00,'',60.00,60.00,999,0.00,'/admin/common/image/others/ba6fdfba-8879-4559-b57d-532a9fb4b8e0.png',NULL,NULL,0,1,'2025-12-21 21:53:03','2026-06-11 12:30:33'),(298,'main_bead','main_bead__yellow','橙月光','',8.00,'',12.00,12.00,999,0.00,'/admin/common/image/others/ba6fdfba-8879-4559-b57d-532a9fb4b8e0.png',NULL,NULL,0,1,'2025-12-21 21:53:23','2026-06-11 12:30:33'),(299,'main_bead','main_bead__yellow','橙月光','',10.00,'',16.00,16.00,999,0.00,'/admin/common/image/others/ba6fdfba-8879-4559-b57d-532a9fb4b8e0.png',NULL,NULL,0,1,'2025-12-21 21:53:37','2026-06-11 12:30:33'),(300,'main_bead','main_bead__yellow','橙月光','',12.00,'',18.00,18.00,999,0.00,'/admin/common/image/others/ba6fdfba-8879-4559-b57d-532a9fb4b8e0.png',NULL,NULL,0,1,'2025-12-21 21:53:54','2026-06-11 12:30:33'),(301,'main_bead','main_bead__yellow','太阳石','',6.00,'',5.00,5.00,999,0.00,'/admin/common/image/others/ba6fdfba-8879-4559-b57d-532a9fb4b8e0.png',NULL,NULL,0,1,'2025-12-21 21:54:15','2026-06-11 12:30:33'),(305,'main_bead','main_bead__yellow','太阳石','',8.00,'',10.00,10.00,999,0.00,'/admin/common/image/others/ba6fdfba-8879-4559-b57d-532a9fb4b8e0.png',NULL,NULL,0,1,'2025-12-21 21:54:31','2026-06-11 12:30:33'),(306,'main_bead','main_bead__yellow','太阳石','',10.00,'',18.00,18.00,999,0.00,'/admin/common/image/others/ba6fdfba-8879-4559-b57d-532a9fb4b8e0.png',NULL,NULL,0,1,'2025-12-21 21:54:46','2026-06-11 12:30:33'),(307,'main_bead','main_bead__yellow','太阳石','',12.00,'',25.00,25.00,999,0.00,'/admin/common/image/others/ba6fdfba-8879-4559-b57d-532a9fb4b8e0.png',NULL,NULL,0,1,'2025-12-21 21:54:58','2026-06-11 12:30:33'),(308,'main_bead','main_bead__yellow','黄虎眼','',8.00,'',4.00,4.00,999,0.00,'/admin/common/image/others/ba6fdfba-8879-4559-b57d-532a9fb4b8e0.png',NULL,NULL,0,1,'2025-12-21 21:55:18','2026-06-11 12:30:33'),(309,'main_bead','main_bead__yellow','黄虎眼','',10.00,'',6.00,6.00,999,0.00,'/admin/common/image/others/ba6fdfba-8879-4559-b57d-532a9fb4b8e0.png',NULL,NULL,0,1,'2025-12-21 21:55:31','2026-06-11 12:30:33'),(310,'main_bead','main_bead__yellow','黄虎眼','',12.00,'',8.00,8.00,999,0.00,'/admin/common/image/others/ba6fdfba-8879-4559-b57d-532a9fb4b8e0.png',NULL,NULL,0,1,'2025-12-21 21:55:45','2026-06-11 12:30:33'),(311,'main_bead','main_bead__yellow','黄虎眼','',14.00,'',12.00,12.00,999,0.00,'/admin/common/image/others/ba6fdfba-8879-4559-b57d-532a9fb4b8e0.png',NULL,NULL,0,1,'2025-12-21 21:56:05','2026-06-11 12:30:33'),(312,'main_bead','main_bead__yellow','金锂云母','',8.00,'',10.00,10.00,999,0.00,'/admin/common/image/others/ba6fdfba-8879-4559-b57d-532a9fb4b8e0.png',NULL,NULL,0,1,'2025-12-21 21:56:27','2026-06-11 12:30:33'),(313,'main_bead','main_bead__yellow','金锂云母','',10.00,'',16.00,16.00,999,0.00,'/admin/common/image/others/ba6fdfba-8879-4559-b57d-532a9fb4b8e0.png',NULL,NULL,0,1,'2025-12-21 21:56:40','2026-06-11 12:30:33'),(314,'main_bead','main_bead__yellow','金锂云母','',16.00,'',26.00,26.00,999,0.00,'/admin/common/image/others/ba6fdfba-8879-4559-b57d-532a9fb4b8e0.png',NULL,NULL,0,1,'2025-12-21 21:56:54','2026-06-11 12:30:33'),(315,'main_bead','main_bead__yellow','金锂云母','',14.00,'',36.00,36.00,999,0.00,'/admin/common/image/others/ba6fdfba-8879-4559-b57d-532a9fb4b8e0.png',NULL,NULL,0,1,'2025-12-21 21:57:13','2026-06-11 12:30:33'),(316,'main_bead','main_bead__yellow','金祖母','',8.00,'',10.00,10.00,999,0.00,'/admin/common/image/others/ba6fdfba-8879-4559-b57d-532a9fb4b8e0.png',NULL,NULL,0,1,'2025-12-21 21:57:39','2026-06-11 12:30:33'),(317,'main_bead','main_bead__yellow','金祖母','',10.00,'',22.00,22.00,999,0.00,'/admin/common/image/others/ba6fdfba-8879-4559-b57d-532a9fb4b8e0.png',NULL,NULL,0,1,'2025-12-21 21:57:53','2026-06-11 12:30:33'),(318,'main_bead','main_bead__yellow','金祖母','',12.00,'',30.00,30.00,999,0.00,'/admin/common/image/others/ba6fdfba-8879-4559-b57d-532a9fb4b8e0.png',NULL,NULL,0,1,'2025-12-21 21:58:07','2026-06-11 12:30:33'),(319,'main_bead','main_bead__yellow','金祖母','',14.00,'',48.00,48.00,999,0.00,'/admin/common/image/others/ba6fdfba-8879-4559-b57d-532a9fb4b8e0.png',NULL,NULL,0,1,'2025-12-21 21:58:20','2026-06-11 12:30:33'),(320,'main_bead','main_bead__yellow','金虎眼','',8.00,'',4.00,4.00,999,0.00,'/admin/common/image/others/ba6fdfba-8879-4559-b57d-532a9fb4b8e0.png',NULL,NULL,0,1,'2025-12-21 21:58:39','2026-06-11 12:30:33'),(321,'main_bead','main_bead__yellow','金虎眼','',10.00,'',6.00,6.00,999,0.00,'/admin/common/image/others/ba6fdfba-8879-4559-b57d-532a9fb4b8e0.png',NULL,NULL,0,1,'2025-12-21 21:58:54','2026-06-11 12:30:33'),(322,'main_bead','main_bead__yellow','金虎眼','',12.00,'',8.00,8.00,999,0.00,'/admin/common/image/others/ba6fdfba-8879-4559-b57d-532a9fb4b8e0.png',NULL,NULL,0,1,'2025-12-21 21:59:06','2026-06-11 12:30:33'),(323,'main_bead','main_bead__yellow','金虎眼','',14.00,'',12.00,12.00,999,0.00,'/admin/common/image/others/ba6fdfba-8879-4559-b57d-532a9fb4b8e0.png',NULL,NULL,0,1,'2025-12-21 21:59:19','2026-06-11 12:30:33'),(324,'main_bead','main_bead__green','绿草莓','',6.00,'',2.00,2.00,999,0.00,'/admin/common/image/others/ba6fdfba-8879-4559-b57d-532a9fb4b8e0.png',NULL,NULL,0,1,'2025-12-21 22:03:04','2026-06-11 12:30:33'),(325,'main_bead','main_bead__green','绿草莓','',8.00,'',3.00,3.00,999,0.00,'/admin/common/image/others/ba6fdfba-8879-4559-b57d-532a9fb4b8e0.png',NULL,NULL,0,1,'2025-12-21 22:03:34','2026-06-11 12:30:33'),(326,'main_bead','main_bead__green','绿草莓','',10.00,'',5.00,5.00,999,0.00,'/admin/common/image/others/ba6fdfba-8879-4559-b57d-532a9fb4b8e0.png',NULL,NULL,0,1,'2025-12-21 22:03:49','2026-06-11 12:30:33'),(327,'main_bead','main_bead__green','绿草莓','',12.00,'',8.00,8.00,999,0.00,'/admin/common/image/others/ba6fdfba-8879-4559-b57d-532a9fb4b8e0.png',NULL,NULL,0,1,'2025-12-21 22:04:05','2026-06-11 12:30:33'),(328,'main_bead','main_bead__green','绿草莓','',14.00,'',10.00,10.00,999,0.00,'/admin/common/image/others/ba6fdfba-8879-4559-b57d-532a9fb4b8e0.png',NULL,NULL,0,1,'2025-12-21 22:04:21','2026-06-11 12:30:33'),(329,'main_bead','main_bead__green','葡萄石/有共生','',6.00,'',4.00,4.00,999,0.00,'/admin/common/image/others/ba6fdfba-8879-4559-b57d-532a9fb4b8e0.png',NULL,NULL,0,1,'2025-12-21 22:04:43','2026-06-11 12:30:33'),(330,'main_bead','main_bead__green','葡萄石/有共生','',8.00,'',8.00,8.00,999,0.00,'/admin/common/image/others/ba6fdfba-8879-4559-b57d-532a9fb4b8e0.png',NULL,NULL,0,1,'2025-12-21 22:04:59','2026-06-11 12:30:33'),(331,'main_bead','main_bead__green','葡萄石/有共生','',10.00,'',12.00,12.00,999,0.00,'/admin/common/image/others/ba6fdfba-8879-4559-b57d-532a9fb4b8e0.png',NULL,NULL,0,1,'2025-12-21 22:05:13','2026-06-11 12:30:33'),(332,'main_bead','main_bead__green','葡萄石','',6.00,'',5.00,5.00,999,0.00,'/admin/common/image/others/ba6fdfba-8879-4559-b57d-532a9fb4b8e0.png',NULL,NULL,0,1,'2025-12-21 22:05:29','2026-06-11 12:30:33'),(333,'main_bead','main_bead__green','葡萄石','',8.00,'',10.00,10.00,999,0.00,'/admin/common/image/others/ba6fdfba-8879-4559-b57d-532a9fb4b8e0.png',NULL,NULL,0,1,'2025-12-21 22:05:43','2026-06-11 12:30:33'),(334,'main_bead','main_bead__green','葡萄石','',10.00,'',16.00,16.00,999,0.00,'/admin/common/image/others/ba6fdfba-8879-4559-b57d-532a9fb4b8e0.png',NULL,NULL,0,1,'2025-12-21 22:05:57','2026-06-11 12:30:33'),(335,'main_bead','main_bead__green','葡萄石','',12.00,'',25.00,25.00,999,0.00,'/admin/common/image/others/ba6fdfba-8879-4559-b57d-532a9fb4b8e0.png',NULL,NULL,0,1,'2025-12-21 22:06:11','2026-06-11 12:30:33'),(336,'main_bead','main_bead__green','绿玉髓','',6.00,'',2.00,2.00,999,0.00,'/admin/common/image/others/ba6fdfba-8879-4559-b57d-532a9fb4b8e0.png',NULL,NULL,0,1,'2025-12-21 22:06:56','2026-06-11 12:30:33'),(337,'main_bead','main_bead__green','绿玉髓','',8.00,'',4.00,4.00,999,0.00,'/admin/common/image/others/ba6fdfba-8879-4559-b57d-532a9fb4b8e0.png',NULL,NULL,0,1,'2025-12-21 22:07:09','2026-06-11 12:30:33'),(338,'main_bead','main_bead__green','绿玉髓','',10.00,'',5.00,5.00,999,0.00,'/admin/common/image/others/ba6fdfba-8879-4559-b57d-532a9fb4b8e0.png',NULL,NULL,0,1,'2025-12-21 22:07:21','2026-06-11 12:30:33'),(339,'main_bead','main_bead__green','绿玉髓','',12.00,'',6.00,6.00,999,0.00,'/admin/common/image/others/ba6fdfba-8879-4559-b57d-532a9fb4b8e0.png',NULL,NULL,0,1,'2025-12-21 22:07:36','2026-06-11 12:30:33'),(340,'main_bead','main_bead__green','绿玉髓','',14.00,'',10.00,10.00,999,0.00,'/admin/common/image/others/ba6fdfba-8879-4559-b57d-532a9fb4b8e0.png',NULL,NULL,0,1,'2025-12-21 22:07:54','2026-06-11 12:30:33'),(341,'main_bead','main_bead__green','绿虎眼','',6.00,'',2.00,2.00,999,0.00,'/admin/common/image/others/ba6fdfba-8879-4559-b57d-532a9fb4b8e0.png',NULL,NULL,0,1,'2025-12-21 22:08:16','2026-06-11 12:30:33'),(342,'main_bead','main_bead__green','绿虎眼','',8.00,'',4.00,4.00,999,0.00,'/admin/common/image/others/ba6fdfba-8879-4559-b57d-532a9fb4b8e0.png',NULL,NULL,0,1,'2025-12-21 22:08:31','2026-06-11 12:30:33'),(343,'main_bead','main_bead__green','绿虎眼','',10.00,'',6.00,6.00,999,0.00,'/admin/common/image/others/ba6fdfba-8879-4559-b57d-532a9fb4b8e0.png',NULL,NULL,0,1,'2025-12-21 22:08:44','2026-06-11 12:30:33'),(344,'main_bead','main_bead__green','绿虎眼','',12.00,'',8.00,8.00,999,0.00,'/admin/common/image/others/ba6fdfba-8879-4559-b57d-532a9fb4b8e0.png',NULL,NULL,0,1,'2025-12-21 22:14:59','2026-06-11 12:30:33'),(345,'main_bead','main_bead__green','绿虎眼','',14.00,'',12.00,12.00,999,0.00,'/admin/common/image/others/ba6fdfba-8879-4559-b57d-532a9fb4b8e0.png',NULL,NULL,0,1,'2025-12-21 22:15:12','2026-06-11 12:30:33'),(346,'main_bead','main_bead__green','绿锂云母','',6.00,'',7.00,7.00,999,0.00,'/admin/common/image/others/ba6fdfba-8879-4559-b57d-532a9fb4b8e0.png',NULL,NULL,0,1,'2025-12-21 22:15:34','2026-06-11 12:30:33'),(347,'main_bead','main_bead__green','绿锂云母','',8.00,'',9.00,9.00,999,0.00,'/admin/common/image/others/ba6fdfba-8879-4559-b57d-532a9fb4b8e0.png',NULL,NULL,0,1,'2025-12-21 22:15:46','2026-06-11 12:30:33'),(348,'main_bead','main_bead__green','绿锂云母','',10.00,'',15.00,15.00,999,0.00,'/admin/common/image/others/ba6fdfba-8879-4559-b57d-532a9fb4b8e0.png',NULL,NULL,0,1,'2025-12-21 22:16:02','2026-06-11 12:30:33'),(349,'main_bead','main_bead__green','绿锂云母','',12.00,'',19.00,19.00,999,0.00,'/admin/common/image/others/ba6fdfba-8879-4559-b57d-532a9fb4b8e0.png',NULL,NULL,0,1,'2025-12-21 22:16:16','2026-06-11 12:30:33'),(350,'main_bead','main_bead__green','绿锂云母','',14.00,'',38.00,38.00,999,0.00,'/admin/common/image/others/ba6fdfba-8879-4559-b57d-532a9fb4b8e0.png',NULL,NULL,0,1,'2025-12-21 22:16:28','2026-06-11 12:30:33'),(351,'main_bead','main_bead__blue','奶油体蓝月光','',6.00,'',6.00,6.00,996,0.00,'/admin/common/image/others/ba6fdfba-8879-4559-b57d-532a9fb4b8e0.png',NULL,NULL,0,1,'2025-12-21 22:28:17','2026-06-11 12:30:33'),(352,'main_bead','main_bead__blue','奶油体蓝月光',NULL,14.00,NULL,22.00,22.00,999,0.00,'/admin/common/image/others/ba6fdfba-8879-4559-b57d-532a9fb4b8e0.png',NULL,NULL,0,1,'2025-12-21 22:30:05','2026-06-11 12:30:33'),(353,'main_bead','main_bead__blue','奶油体蓝月光',NULL,12.00,NULL,15.00,15.00,999,0.00,'/admin/common/image/others/ba6fdfba-8879-4559-b57d-532a9fb4b8e0.png',NULL,NULL,0,1,'2025-12-21 22:30:05','2026-06-11 12:30:33'),(354,'main_bead','main_bead__blue','奶油体蓝月光',NULL,10.00,NULL,12.00,12.00,999,0.00,'/admin/common/image/others/ba6fdfba-8879-4559-b57d-532a9fb4b8e0.png',NULL,NULL,0,1,'2025-12-21 22:30:05','2026-06-11 12:30:33'),(355,'main_bead','main_bead__blue','奶油体蓝月光',NULL,8.00,NULL,8.00,8.00,999,0.00,'/admin/common/image/others/ba6fdfba-8879-4559-b57d-532a9fb4b8e0.png',NULL,NULL,0,1,'2025-12-21 22:30:05','2026-06-11 12:30:33'),(356,'main_bead','main_bead__blue','透体蓝月光','',6.00,'',12.00,12.00,999,0.00,'/admin/common/image/others/ba6fdfba-8879-4559-b57d-532a9fb4b8e0.png',NULL,NULL,0,1,'2025-12-21 22:31:08','2026-06-11 12:30:33'),(357,'main_bead','main_bead__blue','透体蓝月光',NULL,12.00,'',48.00,48.00,999,0.00,'/admin/common/image/others/ba6fdfba-8879-4559-b57d-532a9fb4b8e0.png',NULL,NULL,0,1,'2025-12-21 22:33:27','2026-06-11 12:30:33'),(358,'main_bead','main_bead__blue','透体蓝月光',NULL,10.00,'',32.00,32.00,999,0.00,'/admin/common/image/others/ba6fdfba-8879-4559-b57d-532a9fb4b8e0.png',NULL,NULL,0,1,'2025-12-21 22:33:27','2026-06-11 12:30:33'),(359,'main_bead','main_bead__blue','透体蓝月光',NULL,8.00,'',16.00,16.00,999,0.00,'/admin/common/image/others/ba6fdfba-8879-4559-b57d-532a9fb4b8e0.png',NULL,NULL,0,1,'2025-12-21 22:33:27','2026-06-11 12:30:33'),(360,'main_bead','main_bead__blue','baby蓝海蓝宝','',6.00,'',3.00,3.00,976,0.00,'/admin/common/image/others/ba6fdfba-8879-4559-b57d-532a9fb4b8e0.png',NULL,NULL,0,1,'2025-12-21 22:33:54','2026-06-11 12:30:33'),(361,'main_bead','main_bead__blue','baby蓝海蓝宝',NULL,10.00,NULL,11.00,11.00,999,0.00,'/admin/common/image/others/ba6fdfba-8879-4559-b57d-532a9fb4b8e0.png',NULL,NULL,0,1,'2025-12-21 22:34:27','2026-06-11 12:30:33'),(362,'main_bead','main_bead__blue','baby蓝海蓝宝',NULL,8.00,NULL,6.00,6.00,995,0.00,'/admin/common/image/others/ba6fdfba-8879-4559-b57d-532a9fb4b8e0.png',NULL,NULL,0,1,'2025-12-21 22:34:27','2026-06-11 12:30:33'),(363,'main_bead','main_bead__blue','baby蓝海蓝宝',NULL,14.00,NULL,45.00,0.01,999,0.00,'/admin/common/image/others/ba6fdfba-8879-4559-b57d-532a9fb4b8e0.png',NULL,NULL,0,1,'2025-12-21 22:34:28','2026-06-10 05:31:58'),(364,'main_bead','main_bead__blue','baby蓝海蓝宝',NULL,12.00,NULL,16.00,16.00,999,0.00,'/admin/common/image/others/ba6fdfba-8879-4559-b57d-532a9fb4b8e0.png',NULL,NULL,0,1,'2025-12-21 22:34:28','2026-06-11 12:30:33'),(365,'main_bead','main_bead__blue','圣玛利亚蓝海蓝宝','',6.00,'',12.00,12.00,997,0.00,'/admin/common/image/others/ba6fdfba-8879-4559-b57d-532a9fb4b8e0.png',NULL,NULL,0,1,'2025-12-21 22:34:49','2026-06-11 12:30:33'),(366,'main_bead','main_bead__blue','圣玛利亚蓝海蓝宝',NULL,12.00,NULL,52.00,52.00,999,0.00,'/admin/common/image/others/ba6fdfba-8879-4559-b57d-532a9fb4b8e0.png',NULL,NULL,0,1,'2025-12-21 22:35:16','2026-06-11 12:30:33'),(367,'main_bead','main_bead__blue','圣玛利亚蓝海蓝宝',NULL,10.00,NULL,35.00,35.00,999,0.00,'/admin/common/image/others/ba6fdfba-8879-4559-b57d-532a9fb4b8e0.png',NULL,NULL,0,1,'2025-12-21 22:35:16','2026-06-11 12:30:33'),(368,'main_bead','main_bead__blue','圣玛利亚蓝海蓝宝',NULL,8.00,NULL,17.00,17.00,999,0.00,'/admin/common/image/others/ba6fdfba-8879-4559-b57d-532a9fb4b8e0.png',NULL,NULL,0,1,'2025-12-21 22:35:16','2026-06-11 12:30:33'),(369,'main_bead','main_bead__blue','魔鬼蓝海蓝宝','',6.00,'',15.00,15.00,999,0.00,'/admin/common/image/others/ba6fdfba-8879-4559-b57d-532a9fb4b8e0.png',NULL,NULL,0,1,'2025-12-21 22:36:00','2026-06-11 12:30:33'),(370,'main_bead','main_bead__blue','魔鬼蓝海蓝宝',NULL,12.00,NULL,80.00,80.00,999,0.00,'/admin/common/image/others/ba6fdfba-8879-4559-b57d-532a9fb4b8e0.png',NULL,NULL,0,1,'2025-12-21 22:36:21','2026-06-11 12:30:33'),(371,'main_bead','main_bead__blue','魔鬼蓝海蓝宝',NULL,10.00,NULL,55.00,55.00,999,0.00,'/admin/common/image/others/ba6fdfba-8879-4559-b57d-532a9fb4b8e0.png',NULL,NULL,0,1,'2025-12-21 22:36:21','2026-06-11 12:30:33'),(372,'main_bead','main_bead__blue','魔鬼蓝海蓝宝',NULL,8.00,NULL,28.00,28.00,999,0.00,'/admin/common/image/others/ba6fdfba-8879-4559-b57d-532a9fb4b8e0.png',NULL,NULL,0,1,'2025-12-21 22:36:21','2026-06-11 12:30:33'),(373,'main_bead','main_bead__blue','灰月光','',6.00,'',3.00,3.00,998,0.00,'/admin/common/image/others/ba6fdfba-8879-4559-b57d-532a9fb4b8e0.png',NULL,NULL,0,1,'2025-12-21 22:36:46','2026-06-11 12:30:33'),(374,'main_bead','main_bead__blue','灰月光',NULL,14.00,NULL,18.00,18.00,999,0.00,'/admin/common/image/others/ba6fdfba-8879-4559-b57d-532a9fb4b8e0.png',NULL,NULL,0,1,'2025-12-21 22:37:15','2026-06-11 12:30:33'),(375,'main_bead','main_bead__blue','灰月光',NULL,12.00,NULL,15.00,15.00,999,0.00,'/admin/common/image/others/ba6fdfba-8879-4559-b57d-532a9fb4b8e0.png',NULL,NULL,0,1,'2025-12-21 22:37:15','2026-06-11 12:30:33'),(376,'main_bead','main_bead__blue','灰月光',NULL,10.00,NULL,11.00,11.00,999,0.00,'/admin/common/image/others/ba6fdfba-8879-4559-b57d-532a9fb4b8e0.png',NULL,NULL,0,1,'2025-12-21 22:37:15','2026-06-11 12:30:33'),(377,'main_bead','main_bead__blue','灰月光',NULL,8.00,NULL,6.00,6.00,999,0.00,'/admin/common/image/others/ba6fdfba-8879-4559-b57d-532a9fb4b8e0.png',NULL,NULL,0,1,'2025-12-21 22:37:15','2026-06-11 12:30:33'),(378,'main_bead','main_bead__blue','强光灰月光','',6.00,'',6.00,6.00,998,0.00,'/admin/common/image/others/ba6fdfba-8879-4559-b57d-532a9fb4b8e0.png',NULL,NULL,0,1,'2025-12-21 22:37:33','2026-06-11 12:30:33'),(379,'main_bead','main_bead__blue','强光灰月光',NULL,12.00,NULL,37.00,37.00,999,0.00,'/admin/common/image/others/ba6fdfba-8879-4559-b57d-532a9fb4b8e0.png',NULL,NULL,0,1,'2025-12-21 22:37:59','2026-06-11 12:30:33'),(380,'main_bead','main_bead__blue','强光灰月光',NULL,10.00,NULL,24.00,24.00,999,0.00,'/admin/common/image/others/ba6fdfba-8879-4559-b57d-532a9fb4b8e0.png',NULL,NULL,0,1,'2025-12-21 22:37:59','2026-06-11 12:30:33'),(381,'main_bead','main_bead__blue','强光灰月光',NULL,8.00,NULL,12.00,12.00,999,0.00,'/admin/common/image/others/ba6fdfba-8879-4559-b57d-532a9fb4b8e0.png',NULL,NULL,0,1,'2025-12-21 22:37:59','2026-06-11 12:30:33'),(382,'main_bead','main_bead__blue','天河石','',6.00,'',3.00,3.00,999,0.00,'/admin/common/image/others/ba6fdfba-8879-4559-b57d-532a9fb4b8e0.png',NULL,NULL,0,1,'2025-12-21 22:38:17','2026-06-11 12:30:33'),(383,'main_bead','main_bead__blue','天河石',NULL,12.00,NULL,14.00,14.00,999,0.00,'/admin/common/image/others/ba6fdfba-8879-4559-b57d-532a9fb4b8e0.png',NULL,NULL,0,1,'2025-12-21 22:38:40','2026-06-11 12:30:33'),(384,'main_bead','main_bead__blue','天河石',NULL,10.00,NULL,10.00,10.00,999,0.00,'/admin/common/image/others/ba6fdfba-8879-4559-b57d-532a9fb4b8e0.png',NULL,NULL,0,1,'2025-12-21 22:38:40','2026-06-11 12:30:33'),(385,'main_bead','main_bead__blue','天河石',NULL,8.00,NULL,5.00,5.00,999,0.00,'/admin/common/image/others/ba6fdfba-8879-4559-b57d-532a9fb4b8e0.png',NULL,NULL,0,1,'2025-12-21 22:38:40','2026-06-11 12:30:33'),(386,'main_bead','main_bead__blue','蓝晶石','',6.00,'',6.00,6.00,999,0.00,'/admin/common/image/others/ba6fdfba-8879-4559-b57d-532a9fb4b8e0.png',NULL,NULL,0,1,'2025-12-21 22:38:58','2026-06-11 12:30:33'),(387,'main_bead','main_bead__blue','蓝晶石',NULL,14.00,NULL,24.00,24.00,999,0.00,'/admin/common/image/others/ba6fdfba-8879-4559-b57d-532a9fb4b8e0.png',NULL,NULL,0,1,'2025-12-21 22:39:23','2026-06-11 12:30:33'),(388,'main_bead','main_bead__blue','蓝晶石',NULL,12.00,NULL,19.00,19.00,999,0.00,'/admin/common/image/others/ba6fdfba-8879-4559-b57d-532a9fb4b8e0.png',NULL,NULL,0,1,'2025-12-21 22:39:23','2026-06-11 12:30:33'),(389,'main_bead','main_bead__blue','蓝晶石',NULL,10.00,NULL,15.00,15.00,999,0.00,'/admin/common/image/others/ba6fdfba-8879-4559-b57d-532a9fb4b8e0.png',NULL,NULL,0,1,'2025-12-21 22:39:23','2026-06-11 12:30:33'),(390,'main_bead','main_bead__blue','蓝晶石',NULL,8.00,NULL,8.00,8.00,999,0.00,'/admin/common/image/others/ba6fdfba-8879-4559-b57d-532a9fb4b8e0.png',NULL,NULL,0,1,'2025-12-21 22:39:23','2026-06-11 12:30:33'),(391,'main_bead','main_bead__blue','青金石','',6.00,'',5.00,5.00,999,0.00,'/admin/common/image/others/ba6fdfba-8879-4559-b57d-532a9fb4b8e0.png',NULL,NULL,0,1,'2025-12-21 22:39:42','2026-06-11 12:30:33'),(392,'main_bead','main_bead__blue','青金石',NULL,14.00,NULL,16.00,16.00,999,0.00,'/admin/common/image/others/ba6fdfba-8879-4559-b57d-532a9fb4b8e0.png',NULL,NULL,0,1,'2025-12-21 22:40:06','2026-06-11 12:30:33'),(393,'main_bead','main_bead__blue','青金石',NULL,12.00,NULL,13.00,13.00,999,0.00,'/admin/common/image/others/ba6fdfba-8879-4559-b57d-532a9fb4b8e0.png',NULL,NULL,0,1,'2025-12-21 22:40:06','2026-06-11 12:30:33'),(394,'main_bead','main_bead__blue','青金石',NULL,10.00,NULL,10.00,10.00,999,0.00,'/admin/common/image/others/ba6fdfba-8879-4559-b57d-532a9fb4b8e0.png',NULL,NULL,0,1,'2025-12-21 22:40:06','2026-06-11 12:30:33'),(395,'main_bead','main_bead__blue','青金石',NULL,14.00,NULL,7.00,7.00,999,0.00,'/admin/common/image/others/ba6fdfba-8879-4559-b57d-532a9fb4b8e0.png',NULL,NULL,0,1,'2025-12-21 22:40:06','2026-06-11 12:30:33'),(396,'main_bead','main_bead__blue','蓝虎眼','',6.00,'',5.00,5.00,999,0.00,'/admin/common/image/others/ba6fdfba-8879-4559-b57d-532a9fb4b8e0.png',NULL,NULL,0,1,'2025-12-21 22:40:22','2026-06-11 12:30:33'),(397,'main_bead','main_bead__blue','蓝虎眼',NULL,14.00,NULL,18.00,18.00,999,0.00,'/admin/common/image/others/ba6fdfba-8879-4559-b57d-532a9fb4b8e0.png',NULL,NULL,0,1,'2025-12-21 22:40:42','2026-06-11 12:30:33'),(398,'main_bead','main_bead__blue','蓝虎眼',NULL,12.00,NULL,12.00,12.00,999,0.00,'/admin/common/image/others/ba6fdfba-8879-4559-b57d-532a9fb4b8e0.png',NULL,NULL,0,1,'2025-12-21 22:40:42','2026-06-11 12:30:33'),(399,'main_bead','main_bead__blue','蓝虎眼',NULL,10.00,NULL,10.00,10.00,999,0.00,'/admin/common/image/others/ba6fdfba-8879-4559-b57d-532a9fb4b8e0.png',NULL,NULL,0,1,'2025-12-21 22:40:42','2026-06-11 12:30:33'),(400,'main_bead','main_bead__blue','蓝虎眼',NULL,8.00,NULL,6.00,6.00,999,0.00,'/admin/common/image/others/ba6fdfba-8879-4559-b57d-532a9fb4b8e0.png',NULL,NULL,0,1,'2025-12-21 22:40:42','2026-06-11 12:30:33'),(401,'main_bead','main_bead__blue','蓝萤石','',6.00,'',4.00,4.00,999,0.00,'/admin/common/image/others/ba6fdfba-8879-4559-b57d-532a9fb4b8e0.png',NULL,NULL,0,1,'2025-12-21 22:41:01','2026-06-11 12:30:33'),(402,'main_bead','main_bead__blue','蓝萤石',NULL,14.00,NULL,18.00,18.00,999,0.00,'/admin/common/image/others/ba6fdfba-8879-4559-b57d-532a9fb4b8e0.png',NULL,NULL,0,1,'2025-12-21 22:41:21','2026-06-11 12:30:33'),(403,'main_bead','main_bead__blue','蓝萤石',NULL,12.00,NULL,14.00,14.00,999,0.00,'/admin/common/image/others/ba6fdfba-8879-4559-b57d-532a9fb4b8e0.png',NULL,NULL,0,1,'2025-12-21 22:41:21','2026-06-11 12:30:33'),(404,'main_bead','main_bead__blue','蓝萤石',NULL,10.00,NULL,10.00,10.00,999,0.00,'/admin/common/image/others/ba6fdfba-8879-4559-b57d-532a9fb4b8e0.png',NULL,NULL,0,1,'2025-12-21 22:41:21','2026-06-11 12:30:33'),(405,'main_bead','main_bead__blue','蓝萤石',NULL,8.00,NULL,6.00,6.00,999,0.00,'/admin/common/image/others/ba6fdfba-8879-4559-b57d-532a9fb4b8e0.png',NULL,NULL,0,1,'2025-12-21 22:41:21','2026-06-11 12:30:33'),(406,'main_bead','main_bead__blue','蓝玛瑙','',6.00,'',3.00,3.00,998,0.00,'/admin/common/image/others/ba6fdfba-8879-4559-b57d-532a9fb4b8e0.png',NULL,NULL,0,1,'2025-12-21 22:41:39','2026-06-11 12:30:33'),(407,'main_bead','main_bead__blue','蓝玛瑙',NULL,14.00,NULL,18.00,18.00,999,0.00,'/admin/common/image/others/ba6fdfba-8879-4559-b57d-532a9fb4b8e0.png',NULL,NULL,0,1,'2025-12-21 22:42:01','2026-06-11 12:30:33'),(408,'main_bead','main_bead__blue','蓝玛瑙',NULL,12.00,NULL,14.00,14.00,999,0.00,'/admin/common/image/others/ba6fdfba-8879-4559-b57d-532a9fb4b8e0.png',NULL,NULL,0,1,'2025-12-21 22:42:01','2026-06-11 12:30:33'),(409,'main_bead','main_bead__blue','蓝玛瑙',NULL,10.00,NULL,9.00,9.00,999,0.00,'/admin/common/image/others/ba6fdfba-8879-4559-b57d-532a9fb4b8e0.png',NULL,NULL,0,1,'2025-12-21 22:42:01','2026-06-11 12:30:33'),(410,'main_bead','main_bead__blue','蓝玛瑙',NULL,8.00,NULL,5.00,5.00,999,0.00,'/admin/common/image/others/ba6fdfba-8879-4559-b57d-532a9fb4b8e0.png',NULL,NULL,0,1,'2025-12-21 22:42:01','2026-06-11 12:30:33'),(411,'main_bead','main_bead__blue','蓝托帕','',6.00,'',9.00,9.00,999,0.00,'/admin/common/image/others/ba6fdfba-8879-4559-b57d-532a9fb4b8e0.png',NULL,NULL,0,1,'2025-12-21 22:42:21','2026-06-11 12:30:33'),(412,'main_bead','main_bead__blue','蓝托帕',NULL,10.00,NULL,28.00,28.00,999,0.00,'/admin/common/image/others/ba6fdfba-8879-4559-b57d-532a9fb4b8e0.png',NULL,NULL,0,1,'2025-12-21 22:42:48','2026-06-11 12:30:33'),(413,'main_bead','main_bead__blue','蓝托帕',NULL,8.00,NULL,15.00,15.00,999,0.00,'/admin/common/image/others/ba6fdfba-8879-4559-b57d-532a9fb4b8e0.png',NULL,NULL,0,1,'2025-12-21 22:42:48','2026-06-11 12:30:33'),(414,'main_bead','main_bead__blue','蓝磷辉','',6.00,'',4.00,4.00,999,0.00,'/admin/common/image/others/ba6fdfba-8879-4559-b57d-532a9fb4b8e0.png',NULL,NULL,0,1,'2025-12-21 22:43:04','2026-06-11 12:30:33'),(415,'main_bead','main_bead__blue','蓝磷辉',NULL,14.00,NULL,18.00,18.00,999,0.00,'/admin/common/image/others/ba6fdfba-8879-4559-b57d-532a9fb4b8e0.png',NULL,NULL,0,1,'2025-12-21 22:43:41','2026-06-11 12:30:33'),(416,'main_bead','main_bead__blue','蓝磷辉',NULL,12.00,NULL,14.00,14.00,999,0.00,'/admin/common/image/others/ba6fdfba-8879-4559-b57d-532a9fb4b8e0.png',NULL,NULL,0,1,'2025-12-21 22:43:41','2026-06-11 12:30:33'),(417,'main_bead','main_bead__blue','蓝磷辉',NULL,10.00,NULL,10.00,10.00,999,0.00,'/admin/common/image/others/ba6fdfba-8879-4559-b57d-532a9fb4b8e0.png',NULL,NULL,0,1,'2025-12-21 22:43:41','2026-06-11 12:30:33'),(418,'main_bead','main_bead__blue','蓝磷辉',NULL,8.00,NULL,6.00,6.00,999,0.00,'/admin/common/image/others/ba6fdfba-8879-4559-b57d-532a9fb4b8e0.png',NULL,NULL,0,1,'2025-12-21 22:43:41','2026-06-11 12:30:33'),(419,'main_bead','main_bead__blue','海纹石','',6.00,'',22.00,22.00,999,0.00,'/admin/common/image/others/ba6fdfba-8879-4559-b57d-532a9fb4b8e0.png',NULL,NULL,0,1,'2025-12-21 22:43:57','2026-06-11 12:30:33'),(420,'main_bead','main_bead__blue','海纹石',NULL,12.00,NULL,120.00,120.00,999,0.00,'/admin/common/image/others/ba6fdfba-8879-4559-b57d-532a9fb4b8e0.png',NULL,NULL,0,1,'2025-12-21 22:44:16','2026-06-11 12:30:33'),(421,'main_bead','main_bead__blue','海纹石',NULL,10.00,NULL,80.00,80.00,999,0.00,'/admin/common/image/others/ba6fdfba-8879-4559-b57d-532a9fb4b8e0.png',NULL,NULL,0,1,'2025-12-21 22:44:16','2026-06-11 12:30:33'),(422,'main_bead','main_bead__blue','海纹石',NULL,8.00,NULL,39.00,39.00,999,0.00,'/admin/common/image/others/ba6fdfba-8879-4559-b57d-532a9fb4b8e0.png',NULL,NULL,0,1,'2025-12-21 22:44:16','2026-06-11 12:30:33'),(423,'main_bead','main_bead__purple','玻利维亚紫水晶','',6.00,'',4.00,4.00,999,0.00,'/admin/common/image/others/ba6fdfba-8879-4559-b57d-532a9fb4b8e0.png',NULL,NULL,0,1,'2025-12-21 22:54:03','2026-06-11 12:30:33'),(424,'main_bead','main_bead__purple','玻利维亚紫水晶',NULL,14.00,NULL,24.00,24.00,999,0.00,'/admin/common/image/others/ba6fdfba-8879-4559-b57d-532a9fb4b8e0.png',NULL,NULL,0,1,'2025-12-21 22:54:40','2026-06-11 12:30:33'),(425,'main_bead','main_bead__purple','玻利维亚紫水晶',NULL,12.00,NULL,16.00,16.00,999,0.00,'/admin/common/image/others/ba6fdfba-8879-4559-b57d-532a9fb4b8e0.png',NULL,NULL,0,1,'2025-12-21 22:54:40','2026-06-11 12:30:33'),(426,'main_bead','main_bead__purple','玻利维亚紫水晶',NULL,10.00,NULL,10.00,10.00,999,0.00,'/admin/common/image/others/ba6fdfba-8879-4559-b57d-532a9fb4b8e0.png',NULL,NULL,0,1,'2025-12-21 22:54:40','2026-06-11 12:30:33'),(427,'main_bead','main_bead__purple','玻利维亚紫水晶',NULL,8.00,NULL,6.00,6.00,999,0.00,'/admin/common/image/others/ba6fdfba-8879-4559-b57d-532a9fb4b8e0.png',NULL,NULL,0,1,'2025-12-21 22:54:40','2026-06-11 12:30:33'),(428,'main_bead','main_bead__purple','玻利维亚紫水晶7A','',6.00,'',10.00,10.00,999,0.00,'/admin/common/image/others/ba6fdfba-8879-4559-b57d-532a9fb4b8e0.png',NULL,NULL,0,1,'2025-12-21 22:55:09','2026-06-11 12:30:33'),(429,'main_bead','main_bead__purple','玻利维亚紫水晶7A',NULL,10.00,NULL,22.00,22.00,999,0.00,'/admin/common/image/others/ba6fdfba-8879-4559-b57d-532a9fb4b8e0.png',NULL,NULL,0,1,'2025-12-21 22:57:06','2026-06-11 12:30:33'),(430,'main_bead','main_bead__purple','玻利维亚紫水晶7A',NULL,8.00,NULL,15.00,15.00,999,0.00,'/admin/common/image/others/ba6fdfba-8879-4559-b57d-532a9fb4b8e0.png',NULL,NULL,0,1,'2025-12-21 22:57:06','2026-06-11 12:30:33'),(431,'main_bead','main_bead__purple','玻利维亚紫水晶7A',NULL,14.00,NULL,49.00,49.00,999,0.00,'/admin/common/image/others/ba6fdfba-8879-4559-b57d-532a9fb4b8e0.png',NULL,NULL,0,1,'2025-12-21 22:57:07','2026-06-11 12:30:33'),(432,'main_bead','main_bead__purple','玻利维亚紫水晶7A',NULL,12.00,NULL,38.00,38.00,999,0.00,'/admin/common/image/others/ba6fdfba-8879-4559-b57d-532a9fb4b8e0.png',NULL,NULL,0,1,'2025-12-21 22:57:07','2026-06-11 12:30:33'),(433,'main_bead','main_bead__purple','巴西紫水晶','',6.00,'',4.00,4.00,999,0.00,'/admin/common/image/others/ba6fdfba-8879-4559-b57d-532a9fb4b8e0.png',NULL,NULL,0,1,'2025-12-21 22:57:25','2026-06-11 12:30:33'),(434,'main_bead','main_bead__purple','巴西紫水晶',NULL,14.00,NULL,22.00,22.00,999,0.00,'/admin/common/image/others/ba6fdfba-8879-4559-b57d-532a9fb4b8e0.png',NULL,NULL,0,1,'2025-12-21 22:57:58','2026-06-11 12:30:33'),(435,'main_bead','main_bead__purple','巴西紫水晶',NULL,12.00,NULL,18.00,18.00,999,0.00,'/admin/common/image/others/ba6fdfba-8879-4559-b57d-532a9fb4b8e0.png',NULL,NULL,0,1,'2025-12-21 22:57:58','2026-06-11 12:30:33'),(436,'main_bead','main_bead__purple','巴西紫水晶',NULL,10.00,NULL,14.00,14.00,999,0.00,'/admin/common/image/others/ba6fdfba-8879-4559-b57d-532a9fb4b8e0.png',NULL,NULL,0,1,'2025-12-21 22:57:58','2026-06-11 12:30:33'),(437,'main_bead','main_bead__purple','巴西紫水晶',NULL,8.00,NULL,8.00,8.00,999,0.00,'/admin/common/image/others/ba6fdfba-8879-4559-b57d-532a9fb4b8e0.png',NULL,NULL,0,1,'2025-12-21 22:57:58','2026-06-11 12:30:33'),(438,'main_bead','main_bead__purple','巴西紫水晶7A','',6.00,'',10.00,10.00,999,0.00,'/admin/common/image/others/ba6fdfba-8879-4559-b57d-532a9fb4b8e0.png',NULL,NULL,0,1,'2025-12-21 22:58:21','2026-06-11 12:30:33'),(439,'main_bead','main_bead__purple','巴西紫水晶7A',NULL,14.00,NULL,49.00,49.00,999,0.00,'/admin/common/image/others/ba6fdfba-8879-4559-b57d-532a9fb4b8e0.png',NULL,NULL,0,1,'2025-12-21 22:58:42','2026-06-11 12:30:33'),(440,'main_bead','main_bead__purple','巴西紫水晶7A',NULL,12.00,NULL,38.00,38.00,999,0.00,'/admin/common/image/others/ba6fdfba-8879-4559-b57d-532a9fb4b8e0.png',NULL,NULL,0,1,'2025-12-21 22:58:42','2026-06-11 12:30:33'),(441,'main_bead','main_bead__purple','巴西紫水晶7A',NULL,10.00,NULL,22.00,22.00,999,0.00,'/admin/common/image/others/ba6fdfba-8879-4559-b57d-532a9fb4b8e0.png',NULL,NULL,0,1,'2025-12-21 22:58:42','2026-06-11 12:30:33'),(442,'main_bead','main_bead__purple','巴西紫水晶7A',NULL,8.00,NULL,15.00,15.00,999,0.00,'/admin/common/image/others/ba6fdfba-8879-4559-b57d-532a9fb4b8e0.png',NULL,NULL,0,1,'2025-12-21 22:58:42','2026-06-11 12:30:33'),(443,'main_bead','main_bead__purple','乌拉圭紫水晶','',6.00,'',4.00,4.00,999,0.00,'/admin/common/image/others/ba6fdfba-8879-4559-b57d-532a9fb4b8e0.png',NULL,NULL,0,1,'2025-12-21 22:59:05','2026-06-11 12:30:33'),(444,'main_bead','main_bead__purple','乌拉圭紫水晶',NULL,14.00,NULL,12.00,12.00,999,0.00,'/admin/common/image/others/ba6fdfba-8879-4559-b57d-532a9fb4b8e0.png',NULL,NULL,0,1,'2025-12-21 22:59:30','2026-06-11 12:30:33'),(445,'main_bead','main_bead__purple','乌拉圭紫水晶',NULL,12.00,NULL,10.00,10.00,999,0.00,'/admin/common/image/others/ba6fdfba-8879-4559-b57d-532a9fb4b8e0.png',NULL,NULL,0,1,'2025-12-21 22:59:30','2026-06-11 12:30:33'),(446,'main_bead','main_bead__purple','乌拉圭紫水晶',NULL,10.00,NULL,8.00,8.00,999,0.00,'/admin/common/image/others/ba6fdfba-8879-4559-b57d-532a9fb4b8e0.png',NULL,NULL,0,1,'2025-12-21 22:59:30','2026-06-11 12:30:33'),(447,'main_bead','main_bead__purple','乌拉圭紫水晶',NULL,8.00,NULL,6.00,6.00,999,0.00,'/admin/common/image/others/ba6fdfba-8879-4559-b57d-532a9fb4b8e0.png',NULL,NULL,0,1,'2025-12-21 22:59:30','2026-06-11 12:30:33'),(448,'main_bead','main_bead__purple','乌拉圭紫水晶7A','',6.00,'',8.00,8.00,999,0.00,'/admin/common/image/others/ba6fdfba-8879-4559-b57d-532a9fb4b8e0.png',NULL,NULL,0,1,'2025-12-21 22:59:50','2026-06-11 12:30:33'),(449,'main_bead','main_bead__purple','乌拉圭紫水晶7A',NULL,14.00,NULL,54.00,54.00,999,0.00,'/admin/common/image/others/ba6fdfba-8879-4559-b57d-532a9fb4b8e0.png',NULL,NULL,0,1,'2025-12-21 23:00:15','2026-06-11 12:30:33'),(450,'main_bead','main_bead__purple','乌拉圭紫水晶7A',NULL,12.00,NULL,32.00,32.00,999,0.00,'/admin/common/image/others/ba6fdfba-8879-4559-b57d-532a9fb4b8e0.png',NULL,NULL,0,1,'2025-12-21 23:00:15','2026-06-11 12:30:33'),(451,'main_bead','main_bead__purple','乌拉圭紫水晶7A',NULL,10.00,NULL,18.00,18.00,999,0.00,'/admin/common/image/others/ba6fdfba-8879-4559-b57d-532a9fb4b8e0.png',NULL,NULL,0,1,'2025-12-21 23:00:15','2026-06-11 12:30:33'),(452,'main_bead','main_bead__purple','乌拉圭紫水晶7A',NULL,8.00,NULL,12.00,12.00,999,0.00,'/admin/common/image/others/ba6fdfba-8879-4559-b57d-532a9fb4b8e0.png',NULL,NULL,0,1,'2025-12-21 23:00:15','2026-06-11 12:30:33'),(453,'main_bead','main_bead__purple','薰衣草紫水晶','',6.00,'',3.00,3.00,999,0.00,'/admin/common/image/others/ba6fdfba-8879-4559-b57d-532a9fb4b8e0.png',NULL,NULL,0,1,'2025-12-21 23:00:31','2026-06-11 12:30:33'),(454,'main_bead','main_bead__purple','薰衣草紫水晶',NULL,14.00,NULL,18.00,18.00,999,0.00,'/admin/common/image/others/ba6fdfba-8879-4559-b57d-532a9fb4b8e0.png',NULL,NULL,0,1,'2025-12-21 23:00:52','2026-06-11 12:30:33'),(455,'main_bead','main_bead__purple','薰衣草紫水晶',NULL,12.00,NULL,13.00,13.00,999,0.00,'/admin/common/image/others/ba6fdfba-8879-4559-b57d-532a9fb4b8e0.png',NULL,NULL,0,1,'2025-12-21 23:00:52','2026-06-11 12:30:33'),(456,'main_bead','main_bead__purple','薰衣草紫水晶',NULL,10.00,NULL,8.00,8.00,999,0.00,'/admin/common/image/others/ba6fdfba-8879-4559-b57d-532a9fb4b8e0.png',NULL,NULL,0,1,'2025-12-21 23:00:52','2026-06-11 12:30:33'),(457,'main_bead','main_bead__purple','薰衣草紫水晶',NULL,8.00,NULL,5.00,5.00,999,0.00,'/admin/common/image/others/ba6fdfba-8879-4559-b57d-532a9fb4b8e0.png',NULL,NULL,0,1,'2025-12-21 23:00:52','2026-06-11 12:30:33'),(458,'main_bead','main_bead__purple','梦幻紫水晶','',6.00,'',4.00,4.00,999,0.00,'/admin/common/image/others/ba6fdfba-8879-4559-b57d-532a9fb4b8e0.png',NULL,NULL,0,1,'2025-12-21 23:01:28','2026-06-11 12:30:33'),(459,'main_bead','main_bead__purple','梦幻紫水晶',NULL,14.00,NULL,12.00,12.00,999,0.00,'/admin/common/image/others/ba6fdfba-8879-4559-b57d-532a9fb4b8e0.png',NULL,NULL,0,1,'2025-12-21 23:01:50','2026-06-11 12:30:33'),(460,'main_bead','main_bead__purple','梦幻紫水晶',NULL,12.00,NULL,10.00,10.00,999,0.00,'/admin/common/image/others/ba6fdfba-8879-4559-b57d-532a9fb4b8e0.png',NULL,NULL,0,1,'2025-12-21 23:01:50','2026-06-11 12:30:33'),(461,'main_bead','main_bead__purple','梦幻紫水晶',NULL,10.00,NULL,8.00,8.00,999,0.00,'/admin/common/image/others/ba6fdfba-8879-4559-b57d-532a9fb4b8e0.png',NULL,NULL,0,1,'2025-12-21 23:01:50','2026-06-11 12:30:33'),(462,'main_bead','main_bead__purple','梦幻紫水晶',NULL,8.00,NULL,6.00,6.00,999,0.00,'/admin/common/image/others/ba6fdfba-8879-4559-b57d-532a9fb4b8e0.png',NULL,NULL,0,1,'2025-12-21 23:01:50','2026-06-11 12:30:33'),(463,'main_bead','main_bead__purple','紫锂辉','',6.00,'',4.00,4.00,999,0.00,'/admin/common/image/others/ba6fdfba-8879-4559-b57d-532a9fb4b8e0.png',NULL,NULL,0,1,'2025-12-21 23:02:11','2026-06-11 12:30:33'),(464,'main_bead','main_bead__purple','紫锂辉',NULL,14.00,NULL,12.00,12.00,999,0.00,'/admin/common/image/others/ba6fdfba-8879-4559-b57d-532a9fb4b8e0.png',NULL,NULL,0,1,'2025-12-21 23:02:34','2026-06-11 12:30:33'),(465,'main_bead','main_bead__purple','紫锂辉',NULL,12.00,NULL,10.00,10.00,999,0.00,'/admin/common/image/others/ba6fdfba-8879-4559-b57d-532a9fb4b8e0.png',NULL,NULL,0,1,'2025-12-21 23:02:34','2026-06-11 12:30:33'),(466,'main_bead','main_bead__purple','紫锂辉',NULL,10.00,NULL,8.00,8.00,999,0.00,'/admin/common/image/others/ba6fdfba-8879-4559-b57d-532a9fb4b8e0.png',NULL,NULL,0,1,'2025-12-21 23:02:34','2026-06-11 12:30:33'),(467,'main_bead','main_bead__purple','紫锂辉',NULL,8.00,NULL,6.00,6.00,999,0.00,'/admin/common/image/others/ba6fdfba-8879-4559-b57d-532a9fb4b8e0.png',NULL,NULL,0,1,'2025-12-21 23:02:34','2026-06-11 12:30:33'),(468,'main_bead','main_bead__purple','拉丝透体紫锂辉','',6.00,'',10.00,10.00,999,0.00,'/admin/common/image/others/ba6fdfba-8879-4559-b57d-532a9fb4b8e0.png',NULL,NULL,0,1,'2025-12-21 23:02:51','2026-06-11 12:30:33'),(469,'main_bead','main_bead__purple','拉丝透体紫锂辉',NULL,14.00,NULL,58.00,58.00,999,0.00,'/admin/common/image/others/ba6fdfba-8879-4559-b57d-532a9fb4b8e0.png',NULL,NULL,0,1,'2025-12-21 23:03:15','2026-06-11 12:30:33'),(470,'main_bead','main_bead__purple','拉丝透体紫锂辉',NULL,12.00,NULL,40.00,40.00,999,0.00,'/admin/common/image/others/ba6fdfba-8879-4559-b57d-532a9fb4b8e0.png',NULL,NULL,0,1,'2025-12-21 23:03:15','2026-06-11 12:30:33'),(471,'main_bead','main_bead__purple','拉丝透体紫锂辉',NULL,10.00,NULL,32.00,32.00,999,0.00,'/admin/common/image/others/ba6fdfba-8879-4559-b57d-532a9fb4b8e0.png',NULL,NULL,0,1,'2025-12-21 23:03:15','2026-06-11 12:30:33'),(472,'main_bead','main_bead__purple','拉丝透体紫锂辉',NULL,8.00,NULL,24.00,24.00,999,0.00,'/admin/common/image/others/ba6fdfba-8879-4559-b57d-532a9fb4b8e0.png',NULL,NULL,0,1,'2025-12-21 23:03:15','2026-06-11 12:30:33'),(473,'main_bead','main_bead__purple','紫萤石','',6.00,'',5.00,5.00,999,0.00,'/admin/common/image/others/ba6fdfba-8879-4559-b57d-532a9fb4b8e0.png',NULL,NULL,0,1,'2025-12-21 23:03:35','2026-06-11 12:30:33'),(474,'main_bead','main_bead__purple','紫萤石',NULL,14.00,NULL,18.00,18.00,999,0.00,'/admin/common/image/others/ba6fdfba-8879-4559-b57d-532a9fb4b8e0.png',NULL,NULL,0,1,'2025-12-21 23:03:59','2026-06-11 12:30:33'),(475,'main_bead','main_bead__purple','紫萤石',NULL,14.00,NULL,14.00,14.00,999,0.00,'/admin/common/image/others/ba6fdfba-8879-4559-b57d-532a9fb4b8e0.png',NULL,NULL,0,1,'2025-12-21 23:03:59','2026-06-11 12:30:33'),(476,'main_bead','main_bead__purple','紫萤石',NULL,10.00,NULL,10.00,10.00,999,0.00,'/admin/common/image/others/ba6fdfba-8879-4559-b57d-532a9fb4b8e0.png',NULL,NULL,0,1,'2025-12-21 23:03:59','2026-06-11 12:30:33'),(477,'main_bead','main_bead__purple','紫萤石',NULL,8.00,NULL,6.00,6.00,999,0.00,'/admin/common/image/others/ba6fdfba-8879-4559-b57d-532a9fb4b8e0.png',NULL,NULL,0,1,'2025-12-21 23:03:59','2026-06-11 12:30:33'),(478,'main_bead','main_bead__purple','紫祖母','',6.00,'',3.00,3.00,999,0.00,'/admin/common/image/others/ba6fdfba-8879-4559-b57d-532a9fb4b8e0.png',NULL,NULL,0,1,'2025-12-21 23:04:19','2026-06-11 12:30:33'),(479,'main_bead','main_bead__purple','紫祖母',NULL,14.00,NULL,20.00,20.00,999,0.00,'/admin/common/image/others/ba6fdfba-8879-4559-b57d-532a9fb4b8e0.png',NULL,NULL,0,1,'2025-12-21 23:04:41','2026-06-11 12:30:33'),(480,'main_bead','main_bead__purple','紫祖母',NULL,12.00,NULL,15.00,15.00,999,0.00,'/admin/common/image/others/ba6fdfba-8879-4559-b57d-532a9fb4b8e0.png',NULL,NULL,0,1,'2025-12-21 23:04:41','2026-06-11 12:30:33'),(481,'main_bead','main_bead__purple','紫祖母',NULL,10.00,NULL,12.00,12.00,999,0.00,'/admin/common/image/others/ba6fdfba-8879-4559-b57d-532a9fb4b8e0.png',NULL,NULL,0,1,'2025-12-21 23:04:41','2026-06-11 12:30:33'),(482,'main_bead','main_bead__purple','紫祖母',NULL,8.00,NULL,5.00,5.00,999,0.00,'/admin/common/image/others/ba6fdfba-8879-4559-b57d-532a9fb4b8e0.png',NULL,NULL,0,1,'2025-12-21 23:04:41','2026-06-11 12:30:33'),(483,'main_bead','main_bead__purple','紫锂云母','',6.00,'',7.00,7.00,999,0.00,'/admin/common/image/others/ba6fdfba-8879-4559-b57d-532a9fb4b8e0.png',NULL,NULL,0,1,'2025-12-21 23:04:58','2026-06-11 12:30:33'),(484,'main_bead','main_bead__purple','紫锂云母',NULL,14.00,NULL,38.00,38.00,999,0.00,'/admin/common/image/others/ba6fdfba-8879-4559-b57d-532a9fb4b8e0.png',NULL,NULL,0,1,'2025-12-21 23:05:20','2026-06-11 12:30:33'),(485,'main_bead','main_bead__purple','紫锂云母',NULL,12.00,NULL,19.00,19.00,999,0.00,'/admin/common/image/others/ba6fdfba-8879-4559-b57d-532a9fb4b8e0.png',NULL,NULL,0,1,'2025-12-21 23:05:20','2026-06-11 12:30:33'),(486,'main_bead','main_bead__purple','紫锂云母',NULL,10.00,NULL,15.00,15.00,999,0.00,'/admin/common/image/others/ba6fdfba-8879-4559-b57d-532a9fb4b8e0.png',NULL,NULL,0,1,'2025-12-21 23:05:20','2026-06-11 12:30:33'),(487,'main_bead','main_bead__purple','紫锂云母',NULL,8.00,NULL,9.00,9.00,999,0.00,'/admin/common/image/others/ba6fdfba-8879-4559-b57d-532a9fb4b8e0.png',NULL,NULL,0,1,'2025-12-21 23:05:20','2026-06-11 12:30:33'),(488,'main_bead','main_bead__purple','紫阿塞','',6.00,'',3.00,3.00,999,0.00,'/admin/common/image/others/ba6fdfba-8879-4559-b57d-532a9fb4b8e0.png',NULL,NULL,0,1,'2025-12-21 23:05:38','2026-06-11 12:30:33'),(489,'main_bead','main_bead__purple','紫阿塞',NULL,14.00,NULL,19.00,19.00,999,0.00,'/admin/common/image/others/ba6fdfba-8879-4559-b57d-532a9fb4b8e0.png',NULL,NULL,0,1,'2025-12-21 23:06:01','2026-06-11 12:30:33'),(490,'main_bead','main_bead__purple','紫阿塞',NULL,12.00,NULL,11.00,11.00,999,0.00,'/admin/common/image/others/ba6fdfba-8879-4559-b57d-532a9fb4b8e0.png',NULL,NULL,0,1,'2025-12-21 23:06:01','2026-06-11 12:30:33'),(491,'main_bead','main_bead__purple','紫阿塞',NULL,10.00,NULL,8.00,8.00,999,0.00,'/admin/common/image/others/ba6fdfba-8879-4559-b57d-532a9fb4b8e0.png',NULL,NULL,0,1,'2025-12-21 23:06:01','2026-06-11 12:30:33'),(492,'main_bead','main_bead__purple','紫阿塞',NULL,8.00,NULL,5.00,5.00,999,0.00,'/admin/common/image/others/ba6fdfba-8879-4559-b57d-532a9fb4b8e0.png',NULL,NULL,0,1,'2025-12-21 23:06:01','2026-06-11 12:30:33'),(493,'main_bead','main_bead__purple','紫幽灵','',6.00,'',6.00,6.00,999,0.00,'/admin/common/image/others/ba6fdfba-8879-4559-b57d-532a9fb4b8e0.png',NULL,NULL,0,1,'2025-12-21 23:06:20','2026-06-11 12:30:33'),(494,'main_bead','main_bead__purple','紫幽灵',NULL,14.00,NULL,15.00,15.00,999,0.00,'/admin/common/image/others/ba6fdfba-8879-4559-b57d-532a9fb4b8e0.png',NULL,NULL,0,1,'2025-12-21 23:06:44','2026-06-11 12:30:33'),(495,'main_bead','main_bead__purple','紫幽灵',NULL,12.00,NULL,12.00,12.00,999,0.00,'/admin/common/image/others/ba6fdfba-8879-4559-b57d-532a9fb4b8e0.png',NULL,NULL,0,1,'2025-12-21 23:06:44','2026-06-11 12:30:33'),(496,'main_bead','main_bead__purple','紫幽灵',NULL,10.00,NULL,10.00,10.00,999,0.00,'/admin/common/image/others/ba6fdfba-8879-4559-b57d-532a9fb4b8e0.png',NULL,NULL,0,1,'2025-12-21 23:06:44','2026-06-11 12:30:33'),(497,'main_bead','main_bead__purple','紫幽灵',NULL,8.00,NULL,8.00,8.00,999,0.00,'/admin/common/image/others/ba6fdfba-8879-4559-b57d-532a9fb4b8e0.png',NULL,NULL,0,1,'2025-12-21 23:06:44','2026-06-11 12:30:33'),(544,'accessory','accessory__gequan','橙色葫芦','',12.00,'',6.00,6.00,10,0.00,'/admin/common/image/others/ba6fdfba-8879-4559-b57d-532a9fb4b8e0.png',NULL,NULL,0,1,'2025-12-22 17:15:57','2026-06-11 12:30:33'),(545,'accessory','accessory__gequan','白边紫色葫芦',NULL,12.00,NULL,6.00,6.00,10,0.00,'/admin/common/image/others/ba6fdfba-8879-4559-b57d-532a9fb4b8e0.png',NULL,NULL,0,1,'2025-12-22 22:39:35','2026-06-11 12:30:33'),(546,'accessory','accessory__gequan','金边粉色葫芦',NULL,12.00,NULL,6.00,6.00,99,0.00,'/admin/common/image/others/ba6fdfba-8879-4559-b57d-532a9fb4b8e0.png',NULL,NULL,0,1,'2025-12-22 22:39:35','2026-06-11 12:30:33'),(547,'accessory','accessory__gequan','黄色葫芦',NULL,12.00,NULL,6.00,6.00,10,0.00,'/admin/common/image/others/ba6fdfba-8879-4559-b57d-532a9fb4b8e0.png',NULL,NULL,0,1,'2025-12-22 22:39:35','2026-06-11 12:30:33'),(548,'accessory','accessory__gequan','金边紫色葫芦',NULL,12.00,NULL,6.00,6.00,99,0.00,'/admin/common/image/others/ba6fdfba-8879-4559-b57d-532a9fb4b8e0.png',NULL,NULL,0,1,'2025-12-22 22:39:35','2026-06-11 12:30:33'),(549,'accessory','accessory__gequan','白边粉色葫芦',NULL,12.00,NULL,6.00,6.00,10,0.00,'/admin/common/image/others/ba6fdfba-8879-4559-b57d-532a9fb4b8e0.png',NULL,NULL,0,1,'2025-12-22 22:39:35','2026-06-11 12:30:33'),(580,'accessory','accessory__gequan','金镶满钻蝴蝶结',NULL,12.00,NULL,8.00,8.00,99,0.00,'/admin/common/image/others/ba6fdfba-8879-4559-b57d-532a9fb4b8e0.png',NULL,NULL,0,1,'2025-12-22 22:42:01','2026-06-11 12:30:33'),(581,'accessory','accessory__gequan','银色锆石',NULL,3.30,NULL,6.00,6.00,9,0.00,'/admin/common/image/others/ba6fdfba-8879-4559-b57d-532a9fb4b8e0.png',NULL,NULL,0,1,'2025-12-22 22:42:01','2026-06-11 12:30:33'),(582,'accessory','accessory__gequan','银色双层锆石',NULL,6.50,NULL,6.00,6.00,10,0.00,'/admin/common/image/others/ba6fdfba-8879-4559-b57d-532a9fb4b8e0.png',NULL,NULL,0,1,'2025-12-22 22:42:01','2026-06-11 12:30:33'),(583,'accessory','accessory__gequan','金色锆石',NULL,3.00,NULL,2.00,2.00,10,0.00,'/admin/common/image/others/ba6fdfba-8879-4559-b57d-532a9fb4b8e0.png',NULL,NULL,0,1,'2025-12-22 22:42:01','2026-06-11 12:30:33'),(584,'accessory','accessory__gequan','金色波浪',NULL,3.00,NULL,4.00,4.00,10,0.00,'/admin/common/image/others/ba6fdfba-8879-4559-b57d-532a9fb4b8e0.png',NULL,NULL,0,1,'2025-12-22 22:42:01','2026-06-11 12:30:33'),(585,'accessory','accessory__gequan','镂空金球',NULL,10.00,NULL,4.00,4.00,10,0.00,'/admin/common/image/others/ba6fdfba-8879-4559-b57d-532a9fb4b8e0.png',NULL,NULL,0,1,'2025-12-22 22:42:01','2026-06-11 12:30:33'),(586,'accessory','accessory__gequan','钻石小蛮腰',NULL,9.00,NULL,9.00,9.00,10,0.00,'/admin/common/image/others/ba6fdfba-8879-4559-b57d-532a9fb4b8e0.png',NULL,NULL,0,1,'2025-12-22 22:42:01','2026-06-11 12:30:33'),(587,'accessory','accessory__gequan','金色镶钻双圈',NULL,3.50,NULL,6.00,6.00,10,0.00,'/admin/common/image/others/ba6fdfba-8879-4559-b57d-532a9fb4b8e0.png',NULL,NULL,0,1,'2025-12-22 22:42:01','2026-06-11 12:30:33'),(588,'accessory','accessory__gequan','四圈镶钻 金',NULL,7.00,NULL,8.00,8.00,11,0.00,'/admin/common/image/others/ba6fdfba-8879-4559-b57d-532a9fb4b8e0.png',NULL,NULL,0,1,'2025-12-22 22:42:01','2026-06-11 12:30:33'),(589,'accessory','accessory__gequan','四圈镶钻 银',NULL,7.00,NULL,8.00,8.00,10,0.00,'/admin/common/image/others/ba6fdfba-8879-4559-b57d-532a9fb4b8e0.png',NULL,NULL,0,1,'2025-12-22 22:42:01','2026-06-11 12:30:33'),(590,'accessory','accessory__gequan','法棍猫咪',NULL,12.00,NULL,6.00,6.00,114,0.00,'/admin/common/image/others/ba6fdfba-8879-4559-b57d-532a9fb4b8e0.png',NULL,NULL,0,1,'2025-12-22 22:42:01','2026-06-11 12:30:33'),(591,'accessory','accessory__gequan','六芒星锆石',NULL,6.00,NULL,8.00,8.00,99,0.00,'/admin/common/image/others/ba6fdfba-8879-4559-b57d-532a9fb4b8e0.png',NULL,NULL,0,1,'2025-12-22 22:42:01','2026-06-11 12:30:33'),(592,'accessory','accessory__gequan','钻圈微镶齿轮',NULL,3.00,NULL,4.00,4.00,99,0.00,'/admin/common/image/others/ba6fdfba-8879-4559-b57d-532a9fb4b8e0.png',NULL,NULL,0,1,'2025-12-22 22:42:01','2026-06-11 12:30:33'),(593,'accessory','accessory__gequan','藏银编织桶纹',NULL,9.00,NULL,4.00,4.00,99,0.00,'/admin/common/image/others/ba6fdfba-8879-4559-b57d-532a9fb4b8e0.png',NULL,NULL,0,1,'2025-12-22 22:42:01','2026-06-11 12:30:33'),(594,'accessory','accessory__gequan','藏银回字纹',NULL,3.00,NULL,3.00,3.00,99,0.00,'/admin/common/image/others/ba6fdfba-8879-4559-b57d-532a9fb4b8e0.png',NULL,NULL,0,1,'2025-12-22 22:42:01','2026-06-11 12:30:33'),(595,'accessory','accessory__gequan','铃铛',NULL,5.00,NULL,6.00,6.00,10,0.00,'/admin/common/image/others/ba6fdfba-8879-4559-b57d-532a9fb4b8e0.png',NULL,NULL,0,1,'2025-12-22 22:42:02','2026-06-11 12:30:33'),(596,'accessory','accessory__gequan','土星轨迹',NULL,18.00,NULL,12.00,12.00,100,0.00,'/admin/common/image/others/ba6fdfba-8879-4559-b57d-532a9fb4b8e0.png',NULL,NULL,0,1,'2025-12-22 22:42:02','2026-06-11 12:30:33'),(597,'accessory','accessory__gequan','旋转雪花',NULL,20.00,NULL,18.00,18.00,99,0.00,'/admin/common/image/others/ba6fdfba-8879-4559-b57d-532a9fb4b8e0.png',NULL,NULL,0,1,'2025-12-22 22:42:02','2026-06-11 12:30:33'),(598,'accessory','accessory__gequan','藏银复古花',NULL,4.00,NULL,3.00,3.00,99,0.00,'/admin/common/image/others/ba6fdfba-8879-4559-b57d-532a9fb4b8e0.png',NULL,NULL,0,1,'2025-12-22 22:42:02','2026-06-11 12:30:33'),(599,'accessory','accessory__gequan','银色葫芦吊坠',NULL,15.00,NULL,12.00,12.00,99,0.00,'/admin/common/image/others/ba6fdfba-8879-4559-b57d-532a9fb4b8e0.png',NULL,NULL,0,1,'2025-12-22 22:42:02','2026-06-11 12:30:33'),(600,'accessory','accessory__gequan','金色葫芦提溜',NULL,3.00,NULL,12.00,12.00,99,0.00,'/admin/common/image/others/ba6fdfba-8879-4559-b57d-532a9fb4b8e0.png',NULL,NULL,0,1,'2025-12-22 22:42:02','2026-06-11 12:30:33'),(601,'accessory','accessory__gequan','太后星球',NULL,3.00,NULL,12.00,12.00,99,0.00,'/admin/common/image/others/ba6fdfba-8879-4559-b57d-532a9fb4b8e0.png',NULL,NULL,0,1,'2025-12-22 22:42:02','2026-06-11 12:30:33'),(602,'accessory','accessory__gequan','锆石蝴蝶结',NULL,15.00,NULL,12.00,12.00,98,0.00,'/admin/common/image/others/ba6fdfba-8879-4559-b57d-532a9fb4b8e0.png',NULL,NULL,0,1,'2025-12-22 22:42:02','2026-06-11 12:30:33'),(603,'accessory','accessory__gequan','葫芦吊坠',NULL,5.00,NULL,8.00,8.00,99,0.00,'/admin/common/image/others/ba6fdfba-8879-4559-b57d-532a9fb4b8e0.png',NULL,NULL,0,1,'2025-12-22 22:42:02','2026-06-11 12:30:33'),(604,'accessory','accessory__gequan','雪花蝴蝶提溜',NULL,7.00,NULL,8.00,8.00,99,0.00,'/admin/common/image/others/ba6fdfba-8879-4559-b57d-532a9fb4b8e0.png',NULL,NULL,0,1,'2025-12-22 22:42:02','2026-06-11 12:30:33'),(605,'accessory','accessory__gequan','锆石蝴蝶提溜',NULL,3.00,NULL,12.00,12.00,99,0.00,'/admin/common/image/others/ba6fdfba-8879-4559-b57d-532a9fb4b8e0.png',NULL,NULL,0,1,'2025-12-22 22:42:02','2026-06-11 12:30:33'),(606,'accessory','accessory__gequan','金边星星',NULL,5.00,NULL,6.00,6.00,99,0.00,'/admin/common/image/others/ba6fdfba-8879-4559-b57d-532a9fb4b8e0.png',NULL,NULL,0,1,'2025-12-22 22:42:02','2026-06-11 12:30:33'),(607,'accessory','accessory__gequan','大冰块',NULL,10.00,NULL,15.00,15.00,100,0.00,'/admin/common/image/others/ba6fdfba-8879-4559-b57d-532a9fb4b8e0.png',NULL,NULL,0,1,'2025-12-22 22:42:02','2026-06-11 12:30:33'),(608,'accessory','accessory__gequan','宫廷风魔盒',NULL,11.00,NULL,14.00,14.00,99,0.00,'/admin/common/image/others/ba6fdfba-8879-4559-b57d-532a9fb4b8e0.png',NULL,NULL,0,1,'2025-12-22 22:42:02','2026-06-11 12:30:33'),(609,'accessory','accessory__gequan','菱形微钻',NULL,10.00,NULL,15.00,15.00,99,0.00,'/admin/common/image/others/ba6fdfba-8879-4559-b57d-532a9fb4b8e0.png',NULL,NULL,0,1,'2025-12-22 22:42:02','2026-06-11 12:30:33'),(611,'accessory','accessory__huatuo','白金色花托','',3.00,'',3.00,3.00,99,0.00,'/admin/common/image/others/ba6fdfba-8879-4559-b57d-532a9fb4b8e0.png',NULL,NULL,0,1,'2025-12-22 23:00:57','2026-06-11 12:30:33'),(612,'accessory','accessory__huatuo','银色花托','',2.00,'',3.00,3.00,99,0.00,'/admin/common/image/others/ba6fdfba-8879-4559-b57d-532a9fb4b8e0.png',NULL,NULL,0,1,'2025-12-22 23:03:12','2026-06-11 12:30:33'),(613,'accessory','accessory__huatuo','金色花托8mm','',2.00,'',2.00,2.00,99,0.00,'/admin/common/image/others/ba6fdfba-8879-4559-b57d-532a9fb4b8e0.png',NULL,NULL,0,1,'2025-12-22 23:08:30','2026-06-11 12:30:33'),(614,'accessory','accessory__huatuo','金色花托10mm','',10.00,'',3.00,3.00,999,0.00,'/admin/common/image/others/ba6fdfba-8879-4559-b57d-532a9fb4b8e0.png',NULL,NULL,0,1,'2025-12-22 23:12:16','2026-06-11 12:30:33'),(615,'main_bead','main_bead__black','金曜石','',8.00,'',2.00,2.00,999,0.00,'/admin/common/image/others/ba6fdfba-8879-4559-b57d-532a9fb4b8e0.png',NULL,NULL,0,1,'2025-12-23 15:34:12','2026-06-11 12:30:33'),(616,'main_bead','main_bead__black','金曜石','',6.00,'',2.00,2.00,999,0.00,'/admin/common/image/others/ba6fdfba-8879-4559-b57d-532a9fb4b8e0.png',NULL,NULL,0,1,'2025-12-23 15:34:45','2026-06-11 12:30:33'),(617,'main_bead','main_bead__black','金曜石','',10.00,'',8.00,8.00,999,0.00,'/admin/common/image/others/ba6fdfba-8879-4559-b57d-532a9fb4b8e0.png',NULL,NULL,0,1,'2025-12-23 15:35:14','2026-06-11 12:30:33'),(618,'main_bead','main_bead__black','金曜石','',12.00,'',10.00,10.00,999,0.00,'/admin/common/image/others/ba6fdfba-8879-4559-b57d-532a9fb4b8e0.png',NULL,NULL,0,1,'2025-12-23 15:35:33','2026-06-11 12:30:33'),(619,'main_bead','main_bead__black','金曜石','',14.00,'',12.00,12.00,999,0.00,'/admin/common/image/others/ba6fdfba-8879-4559-b57d-532a9fb4b8e0.png',NULL,NULL,0,1,'2025-12-23 15:35:51','2026-06-11 12:30:33'),(620,'main_bead','main_bead__black','黑曜石','',6.00,'',1.50,1.50,999,0.00,'/admin/common/image/others/ba6fdfba-8879-4559-b57d-532a9fb4b8e0.png',NULL,NULL,0,1,'2025-12-23 15:37:22','2026-06-11 12:30:33'),(621,'main_bead','main_bead__black','黑曜石','',12.00,'',14.00,14.00,999,0.00,'/admin/common/image/others/ba6fdfba-8879-4559-b57d-532a9fb4b8e0.png',NULL,NULL,0,1,'2025-12-23 15:38:13','2026-06-11 12:30:33'),(622,'main_bead','main_bead__black','黑曜石','',8.00,'',3.00,3.00,999,0.00,'/admin/common/image/others/ba6fdfba-8879-4559-b57d-532a9fb4b8e0.png',NULL,NULL,0,1,'2025-12-23 15:38:36','2026-06-11 12:30:33'),(623,'main_bead','main_bead__black','黑曜石','',10.00,'',5.00,5.00,999,0.00,'/admin/common/image/others/ba6fdfba-8879-4559-b57d-532a9fb4b8e0.png',NULL,NULL,0,1,'2025-12-23 15:49:08','2026-06-11 12:30:33'),(624,'main_bead','main_bead__black','黑曜石','',14.00,'',10.00,10.00,999,0.00,'/admin/common/image/others/ba6fdfba-8879-4559-b57d-532a9fb4b8e0.png',NULL,NULL,0,1,'2025-12-23 15:49:33','2026-06-11 12:30:33'),(625,'main_bead','main_bead__black','黑玛瑙','',6.00,'',3.00,3.00,999,0.00,'/admin/common/image/others/ba6fdfba-8879-4559-b57d-532a9fb4b8e0.png',NULL,NULL,0,1,'2025-12-23 15:50:53','2026-06-11 12:30:33'),(626,'main_bead','main_bead__black','黑玛瑙','',8.00,'',4.00,4.00,999,0.00,'/admin/common/image/others/ba6fdfba-8879-4559-b57d-532a9fb4b8e0.png',NULL,NULL,0,1,'2025-12-23 15:51:19','2026-06-11 12:30:33'),(627,'main_bead','main_bead__black','黑玛瑙','',10.00,'',6.00,6.00,999,0.00,'/admin/common/image/others/ba6fdfba-8879-4559-b57d-532a9fb4b8e0.png',NULL,NULL,0,1,'2025-12-23 15:51:45','2026-06-11 12:30:33'),(628,'main_bead','main_bead__black','黑玛瑙','',12.00,'',7.00,7.00,999,0.00,'/admin/common/image/others/ba6fdfba-8879-4559-b57d-532a9fb4b8e0.png',NULL,NULL,0,1,'2025-12-23 15:52:20','2026-06-11 12:30:33'),(629,'main_bead','main_bead__black','黑玛瑙','',12.00,'',7.00,7.00,999,0.00,'/admin/common/image/others/ba6fdfba-8879-4559-b57d-532a9fb4b8e0.png',NULL,NULL,0,1,'2025-12-23 15:52:49','2026-06-11 12:30:33'),(630,'main_bead','main_bead__black','黑玛瑙','',14.00,'',8.00,8.00,999,0.00,'/admin/common/image/others/ba6fdfba-8879-4559-b57d-532a9fb4b8e0.png',NULL,NULL,0,1,'2025-12-23 15:53:08','2026-06-11 12:30:33'),(631,'main_bead','main_bead__black','冰种黑曜','',6.00,'',3.00,3.00,999,0.00,'/admin/common/image/others/ba6fdfba-8879-4559-b57d-532a9fb4b8e0.png',NULL,NULL,0,1,'2025-12-23 15:54:09','2026-06-11 12:30:33'),(632,'main_bead','main_bead__black','冰种黑曜','',8.00,'',6.00,6.00,999,0.00,'/admin/common/image/others/ba6fdfba-8879-4559-b57d-532a9fb4b8e0.png',NULL,NULL,0,1,'2025-12-23 15:57:35','2026-06-11 12:30:33'),(633,'main_bead','main_bead__black','冰种黑曜','',12.00,'',15.00,15.00,999,0.00,'/admin/common/image/others/ba6fdfba-8879-4559-b57d-532a9fb4b8e0.png',NULL,NULL,0,1,'2025-12-23 15:59:59','2026-06-11 12:30:33'),(634,'main_bead','main_bead__black','冰种黑曜','',10.00,'',10.00,10.00,999,0.00,'/admin/common/image/others/ba6fdfba-8879-4559-b57d-532a9fb4b8e0.png',NULL,NULL,0,1,'2025-12-23 16:00:14','2026-06-11 12:30:33'),(635,'main_bead','main_bead__black','银耀石陨石珠','',12.00,'',9.00,9.00,999,0.00,'/admin/common/image/others/ba6fdfba-8879-4559-b57d-532a9fb4b8e0.png',NULL,NULL,0,1,'2025-12-23 16:03:25','2026-06-11 12:30:33'),(636,'main_bead','main_bead__black','银耀石陨石珠','',14.00,'',11.00,11.00,999,0.00,'/admin/common/image/others/ba6fdfba-8879-4559-b57d-532a9fb4b8e0.png',NULL,NULL,0,1,'2025-12-23 16:03:44','2026-06-11 12:30:33'),(637,'main_bead','main_bead__black','银耀石陨石珠','',16.00,'',13.00,13.00,999,0.00,'/admin/common/image/others/ba6fdfba-8879-4559-b57d-532a9fb4b8e0.png',NULL,NULL,0,1,'2025-12-23 16:04:02','2026-06-11 12:30:33'),(638,'main_bead','main_bead__black','银曜石','',6.00,'',2.00,2.00,999,0.00,'/admin/common/image/others/ba6fdfba-8879-4559-b57d-532a9fb4b8e0.png',NULL,NULL,0,1,'2025-12-23 16:10:40','2026-06-11 12:30:33'),(639,'main_bead','main_bead__black','银曜石','',8.00,'',4.00,4.00,999,0.00,'/admin/common/image/others/ba6fdfba-8879-4559-b57d-532a9fb4b8e0.png',NULL,NULL,0,1,'2025-12-23 16:11:05','2026-06-11 12:30:33'),(640,'main_bead','main_bead__black','银曜石','',10.00,'',8.00,8.00,999,0.00,'/admin/common/image/others/ba6fdfba-8879-4559-b57d-532a9fb4b8e0.png',NULL,NULL,0,1,'2025-12-23 16:11:23','2026-06-11 12:30:33'),(641,'main_bead','main_bead__black','银曜石','',12.00,'',10.00,10.00,999,0.00,'/admin/common/image/others/ba6fdfba-8879-4559-b57d-532a9fb4b8e0.png',NULL,NULL,0,1,'2025-12-23 16:11:42','2026-06-11 12:30:33'),(642,'main_bead','main_bead__black','银曜石','',14.00,'',12.00,12.00,999,0.00,'/admin/common/image/others/ba6fdfba-8879-4559-b57d-532a9fb4b8e0.png',NULL,NULL,0,1,'2025-12-23 16:13:47','2026-06-11 12:30:33'),(643,'main_bead','main_bead__black','金运石','',8.00,'',4.00,4.00,999,0.00,'/admin/common/image/others/ba6fdfba-8879-4559-b57d-532a9fb4b8e0.png',NULL,NULL,0,1,'2025-12-23 16:19:24','2026-06-11 12:30:33'),(644,'main_bead','main_bead__black','金运石','',10.00,'',12.00,12.00,999,0.00,'/admin/common/image/others/ba6fdfba-8879-4559-b57d-532a9fb4b8e0.png',NULL,NULL,0,1,'2025-12-23 16:19:47','2026-06-11 12:30:33'),(645,'main_bead','main_bead__black','金运石','',12.00,'',20.00,20.00,999,0.00,'/admin/common/image/others/ba6fdfba-8879-4559-b57d-532a9fb4b8e0.png',NULL,NULL,0,1,'2025-12-23 16:20:10','2026-06-11 12:30:33'),(646,'main_bead','main_bead__black','黑草莓','',6.00,'',5.00,5.00,999,0.00,'/admin/common/image/others/ba6fdfba-8879-4559-b57d-532a9fb4b8e0.png',NULL,NULL,0,1,'2025-12-23 16:21:35','2026-06-11 12:30:33'),(647,'main_bead','main_bead__black','黑草莓','',8.00,'',9.00,9.00,999,0.00,'/admin/common/image/others/ba6fdfba-8879-4559-b57d-532a9fb4b8e0.png',NULL,NULL,0,1,'2025-12-23 16:21:54','2026-06-11 12:30:33'),(648,'main_bead','main_bead__black','黑草莓','',10.00,'',12.00,12.00,999,0.00,'/admin/common/image/others/ba6fdfba-8879-4559-b57d-532a9fb4b8e0.png',NULL,NULL,0,1,'2025-12-23 16:22:26','2026-06-11 12:30:33'),(649,'main_bead','main_bead__black','黑草莓','',12.00,'',16.00,16.00,999,0.00,'/admin/common/image/others/ba6fdfba-8879-4559-b57d-532a9fb4b8e0.png',NULL,NULL,0,1,'2025-12-23 16:36:05','2026-06-11 12:30:33'),(650,'main_bead','black_series','黑闪灵','',10.00,'',30.00,30.00,999,0.00,'/admin/common/image/others/ba6fdfba-8879-4559-b57d-532a9fb4b8e0.png',NULL,NULL,0,0,'2025-12-23 16:36:55','2026-06-11 12:30:33'),(651,'main_bead','black_series','黑闪灵','',14.00,'',90.00,90.00,999,0.00,'/admin/common/image/others/ba6fdfba-8879-4559-b57d-532a9fb4b8e0.png',NULL,NULL,0,0,'2025-12-23 16:37:15','2026-06-11 12:30:33'),(653,'main_bead','main_bead__black','茶晶','',6.00,'',8.00,8.00,999,0.00,'/admin/common/image/others/ba6fdfba-8879-4559-b57d-532a9fb4b8e0.png',NULL,NULL,0,1,'2025-12-23 16:39:04','2026-06-11 12:30:33'),(654,'main_bead','main_bead__black','茶晶','',8.00,'',10.00,10.00,999,0.00,'/admin/common/image/others/ba6fdfba-8879-4559-b57d-532a9fb4b8e0.png',NULL,NULL,0,1,'2025-12-23 16:39:30','2026-06-11 12:30:33'),(655,'main_bead','main_bead__black','茶晶','',10.00,'',25.00,25.00,999,0.00,'/admin/common/image/others/ba6fdfba-8879-4559-b57d-532a9fb4b8e0.png',NULL,NULL,0,1,'2025-12-23 16:39:47','2026-06-11 12:30:33'),(656,'main_bead','main_bead__black','茶晶','',12.00,'',30.00,30.00,999,0.00,'/admin/common/image/others/ba6fdfba-8879-4559-b57d-532a9fb4b8e0.png',NULL,NULL,0,1,'2025-12-23 16:40:34','2026-06-11 12:30:33'),(657,'main_bead','main_bead__black','茶晶','',14.00,'',50.00,50.00,999,0.00,'/admin/common/image/others/ba6fdfba-8879-4559-b57d-532a9fb4b8e0.png',NULL,NULL,0,1,'2025-12-23 16:40:53','2026-06-11 12:30:33'),(658,'main_bead','main_bead__black','黑金超七5A','',6.00,'',3.00,3.00,999,0.00,'/admin/common/image/others/ba6fdfba-8879-4559-b57d-532a9fb4b8e0.png',NULL,NULL,0,1,'2025-12-23 16:41:56','2026-06-11 12:30:33'),(659,'main_bead','main_bead__black','黑金超七5A','',8.00,'',6.00,6.00,999,0.00,'/admin/common/image/others/ba6fdfba-8879-4559-b57d-532a9fb4b8e0.png',NULL,NULL,0,1,'2025-12-23 16:42:25','2026-06-11 12:30:33'),(660,'main_bead','main_bead__black','黑金超七5A','',10.00,'',12.00,12.00,999,0.00,'/admin/common/image/others/ba6fdfba-8879-4559-b57d-532a9fb4b8e0.png',NULL,NULL,0,1,'2025-12-23 16:42:51','2026-06-11 12:30:33'),(661,'main_bead','main_bead__black','黑金超七5A','',12.00,'',18.00,18.00,999,0.00,'/admin/common/image/others/ba6fdfba-8879-4559-b57d-532a9fb4b8e0.png',NULL,NULL,0,1,'2025-12-23 16:43:11','2026-06-11 12:30:33'),(662,'main_bead','main_bead__black','黑金超七5A','',14.00,'',22.00,22.00,999,0.00,'/admin/common/image/others/ba6fdfba-8879-4559-b57d-532a9fb4b8e0.png',NULL,NULL,0,1,'2025-12-23 16:43:44','2026-06-11 12:30:33'),(663,'main_bead','main_bead__black','黑金超七7A','',6.00,'',5.00,5.00,999,0.00,'/admin/common/image/others/ba6fdfba-8879-4559-b57d-532a9fb4b8e0.png',NULL,NULL,0,1,'2025-12-23 16:45:12','2026-06-11 12:30:33'),(664,'main_bead','main_bead__black','黑金超七7A','',8.00,'',10.00,10.00,999,0.00,'/admin/common/image/others/ba6fdfba-8879-4559-b57d-532a9fb4b8e0.png',NULL,NULL,0,1,'2025-12-23 16:45:35','2026-06-11 12:30:33'),(665,'main_bead','main_bead__black','黑金超七7A','',10.00,'',15.00,15.00,999,0.00,'/admin/common/image/others/ba6fdfba-8879-4559-b57d-532a9fb4b8e0.png',NULL,NULL,0,1,'2025-12-23 16:46:04','2026-06-11 12:30:33'),(666,'main_bead','main_bead__black','黑金超七7A','',12.00,'',23.00,23.00,999,0.00,'/admin/common/image/others/ba6fdfba-8879-4559-b57d-532a9fb4b8e0.png',NULL,NULL,0,1,'2025-12-23 16:46:22','2026-06-11 12:30:33'),(667,'main_bead','main_bead__black','黑金超七7A','',14.00,'',32.00,32.00,999,0.00,'/admin/common/image/others/ba6fdfba-8879-4559-b57d-532a9fb4b8e0.png',NULL,NULL,0,1,'2025-12-23 16:46:51','2026-06-11 12:30:33'),(668,'main_bead','main_bead__black','茶阿赛','',8.00,'',5.00,5.00,999,0.00,'/admin/common/image/others/ba6fdfba-8879-4559-b57d-532a9fb4b8e0.png',NULL,NULL,0,1,'2025-12-23 16:48:02','2026-06-11 12:30:33'),(669,'main_bead','main_bead__black','茶阿赛','',10.00,'',10.00,10.00,999,0.00,'/admin/common/image/others/ba6fdfba-8879-4559-b57d-532a9fb4b8e0.png',NULL,NULL,0,1,'2025-12-23 16:48:57','2026-06-11 12:30:33'),(670,'main_bead','main_bead__black','茶阿赛','',12.00,'',15.00,15.00,999,0.00,'/admin/common/image/others/ba6fdfba-8879-4559-b57d-532a9fb4b8e0.png',NULL,NULL,0,1,'2025-12-23 16:56:09','2026-06-11 12:30:33'),(671,'main_bead','main_bead__black','茶阿赛','',14.00,'',30.00,30.00,999,0.00,'/admin/common/image/others/ba6fdfba-8879-4559-b57d-532a9fb4b8e0.png',NULL,NULL,0,1,'2025-12-23 16:56:39','2026-06-11 12:30:33'),(672,'main_bead','main_bead__black','黑发晶5A','',6.00,'',3.00,3.00,999,0.00,'/admin/common/image/others/ba6fdfba-8879-4559-b57d-532a9fb4b8e0.png',NULL,NULL,0,1,'2025-12-23 16:57:13','2026-06-11 12:30:33'),(673,'main_bead','main_bead__black','黑发晶5A','',8.00,'',6.00,6.00,999,0.00,'/admin/common/image/others/ba6fdfba-8879-4559-b57d-532a9fb4b8e0.png',NULL,NULL,0,1,'2025-12-23 16:57:28','2026-06-11 12:30:33'),(674,'main_bead','main_bead__black','黑发晶5A','',10.00,'',12.00,12.00,999,0.00,'/admin/common/image/others/ba6fdfba-8879-4559-b57d-532a9fb4b8e0.png',NULL,NULL,0,1,'2025-12-23 16:57:52','2026-06-11 12:30:33'),(675,'main_bead','main_bead__black','黑发晶5A','',12.00,'',15.00,15.00,999,0.00,'/admin/common/image/others/ba6fdfba-8879-4559-b57d-532a9fb4b8e0.png',NULL,NULL,0,1,'2025-12-23 16:58:13','2026-06-11 12:30:33'),(676,'main_bead','main_bead__black','黑发晶7A','',6.00,'',8.00,8.00,999,0.00,'/admin/common/image/others/ba6fdfba-8879-4559-b57d-532a9fb4b8e0.png',NULL,NULL,0,1,'2025-12-23 16:58:36','2026-06-11 12:30:33'),(677,'main_bead','main_bead__black','黑发晶7A','',8.00,'',15.00,15.00,999,0.00,'/admin/common/image/others/ba6fdfba-8879-4559-b57d-532a9fb4b8e0.png',NULL,NULL,0,1,'2025-12-23 17:06:45','2026-06-11 12:30:33'),(678,'main_bead','main_bead__black','黑发晶7A','',10.00,'',22.00,22.00,999,0.00,'/admin/common/image/others/ba6fdfba-8879-4559-b57d-532a9fb4b8e0.png',NULL,NULL,0,1,'2025-12-23 17:07:04','2026-06-11 12:30:33'),(679,'main_bead','main_bead__black','黑发晶7A','',12.00,'',32.00,32.00,999,0.00,'/admin/common/image/others/ba6fdfba-8879-4559-b57d-532a9fb4b8e0.png',NULL,NULL,0,1,'2025-12-23 17:07:22','2026-06-11 12:30:33'),(680,'pendant','pendant__diaozhui','11','',0.00,'',0.00,0.00,0,0.00,'/admin/common/image/others/ba6fdfba-8879-4559-b57d-532a9fb4b8e0.png',NULL,NULL,0,1,'2025-12-23 23:56:32','2026-06-11 12:30:33'),(682,'accessory','accessory__zhuangshi','十字花 金','',0.00,'',6.00,6.00,999,0.00,'/admin/common/image/others/ba6fdfba-8879-4559-b57d-532a9fb4b8e0.png',NULL,NULL,0,1,'2025-12-24 10:09:25','2026-06-11 12:30:33'),(683,'accessory','accessory__zhuangshi','十字花 黑','',0.00,'',6.00,6.00,999,0.00,'/admin/common/image/others/ba6fdfba-8879-4559-b57d-532a9fb4b8e0.png',NULL,NULL,0,1,'2025-12-24 10:09:57','2026-06-11 12:30:33'),(685,'main_bead','main_bead__wenwan','花珀','',6.00,'',12.00,12.00,999,0.00,'/admin/common/image/others/ba6fdfba-8879-4559-b57d-532a9fb4b8e0.png',NULL,NULL,0,1,'2025-12-24 13:19:19','2026-06-11 12:30:33'),(686,'main_bead','main_bead__wenwan','花珀','',8.00,'',15.00,15.00,999,0.00,'/admin/common/image/others/ba6fdfba-8879-4559-b57d-532a9fb4b8e0.png',NULL,NULL,0,1,'2025-12-24 13:19:38','2026-06-11 12:30:33'),(687,'main_bead','main_bead__wenwan','花珀','',10.00,'',19.00,19.00,999,0.00,'/admin/common/image/others/ba6fdfba-8879-4559-b57d-532a9fb4b8e0.png',NULL,NULL,0,1,'2025-12-24 13:19:59','2026-06-11 12:30:33'),(688,'main_bead','main_bead__wenwan','花珀','',12.00,'',24.00,24.00,999,0.00,'/admin/common/image/others/ba6fdfba-8879-4559-b57d-532a9fb4b8e0.png',NULL,NULL,0,1,'2025-12-24 13:20:17','2026-06-11 12:30:33'),(689,'main_bead','main_bead__wenwan','花珀','',14.00,'',32.00,32.00,999,0.00,'/admin/common/image/others/ba6fdfba-8879-4559-b57d-532a9fb4b8e0.png',NULL,NULL,0,1,'2025-12-24 13:20:34','2026-06-11 12:30:33'),(690,'main_bead','main_bead__wenwan','淡水珍珠','',3.00,'',2.00,2.00,999,0.00,'/admin/common/image/others/ba6fdfba-8879-4559-b57d-532a9fb4b8e0.png',NULL,NULL,0,1,'2025-12-24 13:21:12','2026-06-11 12:30:33'),(691,'main_bead','main_bead__wenwan','淡水珍珠','',5.00,'',3.00,3.00,999,0.00,'/admin/common/image/others/ba6fdfba-8879-4559-b57d-532a9fb4b8e0.png',NULL,NULL,0,1,'2025-12-24 13:21:30','2026-06-11 12:30:33'),(692,'main_bead','main_bead__wenwan','淡水珍珠','',6.00,'',8.00,8.00,999,0.00,'/admin/common/image/others/ba6fdfba-8879-4559-b57d-532a9fb4b8e0.png',NULL,NULL,0,1,'2025-12-24 13:21:47','2026-06-11 12:30:33'),(693,'main_bead','main_bead__wenwan','淡水珍珠','',8.00,'',12.00,12.00,999,0.00,'/admin/common/image/others/ba6fdfba-8879-4559-b57d-532a9fb4b8e0.png',NULL,NULL,0,1,'2025-12-24 13:22:06','2026-06-11 12:30:33'),(694,'main_bead','main_bead__wenwan','绿檀木','',6.00,'',3.00,3.00,999,0.00,'/admin/common/image/others/ba6fdfba-8879-4559-b57d-532a9fb4b8e0.png',NULL,NULL,0,1,'2025-12-24 13:22:42','2026-06-11 12:30:33'),(695,'main_bead','main_bead__wenwan','绿檀木','',8.00,'',6.00,6.00,999,0.00,'/admin/common/image/others/ba6fdfba-8879-4559-b57d-532a9fb4b8e0.png',NULL,NULL,0,1,'2025-12-24 13:23:15','2026-06-11 12:30:33'),(696,'main_bead','main_bead__wenwan','绿檀木','',10.00,'',9.00,9.00,999,0.00,'/admin/common/image/others/ba6fdfba-8879-4559-b57d-532a9fb4b8e0.png',NULL,NULL,0,1,'2025-12-24 13:23:41','2026-06-11 12:30:33'),(697,'main_bead','main_bead__wenwan','绿檀木','',12.00,'',12.00,12.00,999,0.00,'/admin/common/image/others/ba6fdfba-8879-4559-b57d-532a9fb4b8e0.png',NULL,NULL,0,1,'2025-12-24 13:24:05','2026-06-11 12:30:33'),(698,'main_bead','main_bead__wenwan','绿檀木','',14.00,'',15.00,15.00,999,0.00,'/admin/common/image/others/ba6fdfba-8879-4559-b57d-532a9fb4b8e0.png',NULL,NULL,0,1,'2025-12-24 13:24:28','2026-06-11 12:30:33'),(699,'main_bead','main_bead__wenwan','白菩提','',6.00,'',2.00,2.00,999,0.00,'/admin/common/image/others/ba6fdfba-8879-4559-b57d-532a9fb4b8e0.png',NULL,NULL,0,1,'2025-12-24 13:26:05','2026-06-11 12:30:33'),(700,'main_bead','main_bead__wenwan','白菩提','',8.00,'',4.00,4.00,999,0.00,'/admin/common/image/others/ba6fdfba-8879-4559-b57d-532a9fb4b8e0.png',NULL,NULL,0,1,'2025-12-24 13:26:25','2026-06-11 12:30:33'),(701,'main_bead','main_bead__wenwan','白菩提','',10.00,'',6.00,6.00,999,0.00,'/admin/common/image/others/ba6fdfba-8879-4559-b57d-532a9fb4b8e0.png',NULL,NULL,0,1,'2025-12-24 13:26:48','2026-06-11 12:30:33'),(702,'main_bead','main_bead__wenwan','白菩提','',12.00,'',8.00,8.00,999,0.00,'/admin/common/image/others/ba6fdfba-8879-4559-b57d-532a9fb4b8e0.png',NULL,NULL,0,1,'2025-12-24 13:27:11','2026-06-11 12:30:33'),(703,'main_bead','main_bead__wenwan','白菩提','',14.00,'',10.00,10.00,999,0.00,'/admin/common/image/others/ba6fdfba-8879-4559-b57d-532a9fb4b8e0.png',NULL,NULL,0,1,'2025-12-24 13:27:36','2026-06-11 12:30:33'),(704,'main_bead','main_bead__wenwan','小叶紫檀','',6.00,'',3.00,3.00,999,0.00,'/admin/common/image/others/ba6fdfba-8879-4559-b57d-532a9fb4b8e0.png',NULL,NULL,0,1,'2025-12-24 13:28:24','2026-06-11 12:30:33'),(705,'main_bead','main_bead__wenwan','小叶紫檀','',8.00,'',6.00,6.00,999,0.00,'/admin/common/image/others/ba6fdfba-8879-4559-b57d-532a9fb4b8e0.png',NULL,NULL,0,1,'2025-12-24 13:29:30','2026-06-11 12:30:33'),(706,'main_bead','main_bead__wenwan','小叶紫檀','',10.00,'',9.00,9.00,999,0.00,'/admin/common/image/others/ba6fdfba-8879-4559-b57d-532a9fb4b8e0.png',NULL,NULL,0,1,'2025-12-24 13:29:57','2026-06-11 12:30:33'),(707,'main_bead','main_bead__wenwan','小叶紫檀','',12.00,'',12.00,12.00,999,0.00,'/admin/common/image/others/ba6fdfba-8879-4559-b57d-532a9fb4b8e0.png',NULL,NULL,0,1,'2025-12-24 13:30:13','2026-06-11 12:30:33'),(708,'main_bead','main_bead__wenwan','小叶紫檀','',14.00,'',15.00,15.00,999,0.00,'/admin/common/image/others/ba6fdfba-8879-4559-b57d-532a9fb4b8e0.png',NULL,NULL,0,1,'2025-12-24 13:30:31','2026-06-11 12:30:33'),(709,'main_bead','main_bead__wenwan','芭比檀木','',6.00,'',2.00,2.00,999,0.00,'/admin/common/image/others/ba6fdfba-8879-4559-b57d-532a9fb4b8e0.png',NULL,NULL,0,1,'2025-12-24 13:32:01','2026-06-11 12:30:33'),(710,'main_bead','main_bead__wenwan','芭比檀木','',8.00,'',4.00,4.00,999,0.00,'/admin/common/image/others/ba6fdfba-8879-4559-b57d-532a9fb4b8e0.png',NULL,NULL,0,1,'2025-12-24 13:32:43','2026-06-11 12:30:33'),(711,'main_bead','main_bead__wenwan','芭比檀木','',10.00,'',6.00,6.00,999,0.00,'/admin/common/image/others/ba6fdfba-8879-4559-b57d-532a9fb4b8e0.png',NULL,NULL,0,1,'2025-12-24 13:33:02','2026-06-11 12:30:33'),(712,'main_bead','main_bead__wenwan','芭比檀木','',12.00,'',8.00,8.00,999,0.00,'/admin/common/image/others/ba6fdfba-8879-4559-b57d-532a9fb4b8e0.png',NULL,NULL,0,1,'2025-12-24 13:33:22','2026-06-11 12:30:33'),(713,'main_bead','main_bead__wenwan','芭比檀木','',14.00,'',10.00,10.00,999,0.00,'/admin/common/image/others/ba6fdfba-8879-4559-b57d-532a9fb4b8e0.png',NULL,NULL,0,1,'2025-12-24 13:33:42','2026-06-11 12:30:33'),(714,'main_bead','main_bead__wenwan','沉香	','',6.00,'',2.00,2.00,999,0.00,'/admin/common/image/others/ba6fdfba-8879-4559-b57d-532a9fb4b8e0.png',NULL,NULL,0,1,'2025-12-24 13:34:31','2026-06-11 12:30:33'),(715,'main_bead','main_bead__wenwan','沉香','',8.00,'',4.00,4.00,999,0.00,'/admin/common/image/others/ba6fdfba-8879-4559-b57d-532a9fb4b8e0.png',NULL,NULL,0,1,'2025-12-24 13:34:55','2026-06-11 12:30:33'),(716,'main_bead','main_bead__wenwan','沉香','',10.00,'',6.00,6.00,999,0.00,'/admin/common/image/others/ba6fdfba-8879-4559-b57d-532a9fb4b8e0.png',NULL,NULL,0,1,'2025-12-24 13:35:14','2026-06-11 12:30:33'),(717,'main_bead','main_bead__wenwan','沉香','',12.00,'',8.00,8.00,999,0.00,'/admin/common/image/others/ba6fdfba-8879-4559-b57d-532a9fb4b8e0.png',NULL,NULL,0,1,'2025-12-24 13:35:29','2026-06-11 12:30:33'),(718,'main_bead','main_bead__wenwan','沉香','',14.00,'',10.00,10.00,999,0.00,'/admin/common/image/others/ba6fdfba-8879-4559-b57d-532a9fb4b8e0.png',NULL,NULL,0,1,'2025-12-24 13:35:51','2026-06-11 12:30:33'),(719,'main_bead','main_bead__wenwan','湖水绿和田玉','',6.00,'',12.00,12.00,999,0.00,'/admin/common/image/others/ba6fdfba-8879-4559-b57d-532a9fb4b8e0.png',NULL,NULL,0,1,'2025-12-24 13:36:49','2026-06-11 12:30:33'),(720,'main_bead','main_bead__wenwan','湖水绿和田玉','',8.00,'',18.00,18.00,999,0.00,'/admin/common/image/others/ba6fdfba-8879-4559-b57d-532a9fb4b8e0.png',NULL,NULL,0,1,'2025-12-24 13:37:07','2026-06-11 12:30:33'),(721,'main_bead','main_bead__wenwan','湖水绿和田玉','',10.00,'',24.00,24.00,999,0.00,'/admin/common/image/others/ba6fdfba-8879-4559-b57d-532a9fb4b8e0.png',NULL,NULL,0,1,'2025-12-24 13:37:27','2026-06-11 12:30:33'),(722,'main_bead','main_bead__wenwan','湖水绿和田玉','',12.00,'',32.00,32.00,999,0.00,'/admin/common/image/others/ba6fdfba-8879-4559-b57d-532a9fb4b8e0.png',NULL,NULL,0,1,'2025-12-24 13:37:47','2026-06-11 12:30:33'),(723,'main_bead','main_bead__wenwan','浅白晴和田玉','',6.00,'',8.00,8.00,999,0.00,'/admin/common/image/others/ba6fdfba-8879-4559-b57d-532a9fb4b8e0.png',NULL,NULL,0,1,'2025-12-24 13:38:21','2026-06-11 12:30:33'),(724,'main_bead','main_bead__wenwan','浅白晴和田玉','',8.00,'',13.00,13.00,999,0.00,'/admin/common/image/others/ba6fdfba-8879-4559-b57d-532a9fb4b8e0.png',NULL,NULL,0,1,'2025-12-24 13:38:47','2026-06-11 12:30:33'),(725,'main_bead','main_bead__wenwan','浅白晴和田玉','',10.00,'',16.00,16.00,999,0.00,'/admin/common/image/others/ba6fdfba-8879-4559-b57d-532a9fb4b8e0.png',NULL,NULL,0,1,'2025-12-24 13:39:06','2026-06-11 12:30:33'),(726,'main_bead','main_bead__wenwan','浅白晴和田玉','',12.00,'',22.00,22.00,999,0.00,'/admin/common/image/others/ba6fdfba-8879-4559-b57d-532a9fb4b8e0.png',NULL,NULL,0,1,'2025-12-24 13:39:28','2026-06-11 12:30:33'),(727,'main_bead','main_bead__wenwan','晴水绿和田玉','',6.00,'',8.00,8.00,999,0.00,'/admin/common/image/others/ba6fdfba-8879-4559-b57d-532a9fb4b8e0.png',NULL,NULL,0,1,'2025-12-24 13:39:59','2026-06-11 12:30:33'),(728,'main_bead','main_bead__wenwan','晴水绿和田玉','',8.00,'',13.00,13.00,999,0.00,'/admin/common/image/others/ba6fdfba-8879-4559-b57d-532a9fb4b8e0.png',NULL,NULL,0,1,'2025-12-24 13:40:17','2026-06-11 12:30:33'),(729,'main_bead','main_bead__wenwan','晴水绿和田玉','',10.00,'',16.00,16.00,999,0.00,'/admin/common/image/others/ba6fdfba-8879-4559-b57d-532a9fb4b8e0.png',NULL,NULL,0,1,'2025-12-24 13:40:34','2026-06-11 12:30:33'),(730,'main_bead','main_bead__wenwan','晴水绿和田玉','',12.00,'',22.00,22.00,999,0.00,'/admin/common/image/others/ba6fdfba-8879-4559-b57d-532a9fb4b8e0.png',NULL,NULL,0,1,'2025-12-24 13:40:50','2026-06-11 12:30:33'),(731,'accessory','accessory__shuixingshuijing','粉水晶方糖','',6.00,'',15.00,15.00,99,0.00,'/admin/common/image/others/ba6fdfba-8879-4559-b57d-532a9fb4b8e0.png',NULL,NULL,0,1,'2025-12-24 13:45:48','2026-06-11 12:30:33'),(732,'main_bead','main_bead__green','绿发晶5A','',6.00,'',6.00,6.00,999,0.00,'/admin/common/image/others/ba6fdfba-8879-4559-b57d-532a9fb4b8e0.png',NULL,NULL,0,1,'2025-12-24 13:49:12','2026-06-11 12:30:33'),(733,'main_bead','rope__green','绿发晶5A','',8.00,'',10.00,10.00,999,0.00,'/admin/common/image/others/ba6fdfba-8879-4559-b57d-532a9fb4b8e0.png',NULL,NULL,0,1,'2025-12-24 13:49:31','2026-06-11 12:30:33'),(734,'main_bead','rope__green','绿发晶5A','',10.00,'',16.00,16.00,999,0.00,'/admin/common/image/others/ba6fdfba-8879-4559-b57d-532a9fb4b8e0.png',NULL,NULL,0,1,'2025-12-24 13:50:18','2026-06-11 12:30:33'),(735,'main_bead','main_bead__green','绿发晶5A','',12.00,'',26.00,26.00,999,0.00,'/admin/common/image/others/ba6fdfba-8879-4559-b57d-532a9fb4b8e0.png',NULL,NULL,0,1,'2025-12-24 13:50:41','2026-06-11 12:30:33'),(736,'main_bead','rope__green','绿发晶5A','',14.00,'',38.00,38.00,999,0.00,'/admin/common/image/others/ba6fdfba-8879-4559-b57d-532a9fb4b8e0.png',NULL,NULL,0,1,'2025-12-24 13:51:02','2026-06-11 12:30:33'),(737,'main_bead','rope__green','绿发晶7A','',6.00,'',12.00,12.00,999,0.00,'/admin/common/image/others/ba6fdfba-8879-4559-b57d-532a9fb4b8e0.png',NULL,NULL,0,1,'2025-12-24 13:52:18','2026-06-11 12:30:33'),(738,'main_bead','rope__green','绿发晶7A','',8.00,'',18.00,18.00,999,0.00,'/admin/common/image/others/ba6fdfba-8879-4559-b57d-532a9fb4b8e0.png',NULL,NULL,0,1,'2025-12-24 13:52:36','2026-06-11 12:30:33'),(739,'main_bead','main_bead__green','绿发晶7A','',10.00,'',26.00,26.00,999,0.00,'/admin/common/image/others/ba6fdfba-8879-4559-b57d-532a9fb4b8e0.png',NULL,NULL,0,1,'2025-12-24 13:52:56','2026-06-11 12:30:33'),(740,'main_bead','main_bead__green','绿发晶7A','',12.00,'',36.00,36.00,999,0.00,'/admin/common/image/others/ba6fdfba-8879-4559-b57d-532a9fb4b8e0.png',NULL,NULL,0,1,'2025-12-24 13:53:25','2026-06-11 12:30:33'),(741,'main_bead','main_bead__green','绿发晶7A','',14.00,'',48.00,48.00,999,0.00,'/admin/common/image/others/ba6fdfba-8879-4559-b57d-532a9fb4b8e0.png',NULL,NULL,0,1,'2025-12-24 13:53:52','2026-06-11 12:30:33'),(742,'accessory','accessory__shuangjianshuijing','白水晶双尖','',5.00,'',16.00,16.00,99,0.00,'/admin/common/image/others/ba6fdfba-8879-4559-b57d-532a9fb4b8e0.png',NULL,NULL,0,1,'2025-12-24 14:21:05','2026-06-11 12:30:33'),(743,'accessory','accessory__zhuangshi','雪花蝴蝶','',0.00,'',6.00,6.00,999,0.00,'/admin/common/image/others/ba6fdfba-8879-4559-b57d-532a9fb4b8e0.png',NULL,NULL,0,1,'2025-12-25 10:45:23','2026-06-11 12:30:33'),(744,'accessory','accessory__zhuangshi','招财进宝福牌','',15.00,'',5.00,5.00,999,0.00,'/admin/common/image/others/ba6fdfba-8879-4559-b57d-532a9fb4b8e0.png',NULL,NULL,0,1,'2025-12-25 10:55:21','2026-06-11 12:30:33'),(745,'accessory','accessory__geduan','白紫色锆石隔圈','',10.00,'',6.00,6.00,999,0.00,'/admin/common/image/others/ba6fdfba-8879-4559-b57d-532a9fb4b8e0.png',NULL,NULL,0,1,'2025-12-25 11:09:17','2026-06-11 12:30:33'),(746,'accessory','accessory__geduan','紫金隔圈','',8.00,'',6.00,6.00,999,0.00,'/admin/common/image/others/ba6fdfba-8879-4559-b57d-532a9fb4b8e0.png',NULL,NULL,0,1,'2025-12-25 11:13:46','2026-06-11 12:30:33'),(747,'accessory','accessory__geduan','紫银隔圈','',8.00,'',6.00,6.00,999,0.00,'/admin/common/image/others/ba6fdfba-8879-4559-b57d-532a9fb4b8e0.png',NULL,NULL,0,1,'2025-12-25 11:15:58','2026-06-11 12:30:33'),(748,'accessory','accessory__zhuangshi','黑色镶嵌魔盒','',18.00,'',5.00,5.00,999,0.00,'/admin/common/image/others/ba6fdfba-8879-4559-b57d-532a9fb4b8e0.png',NULL,NULL,0,1,'2025-12-25 15:23:07','2026-06-11 12:30:33'),(749,'accessory','accessory__zhuangshi','招财福牌','',18.00,'',5.00,5.00,999,0.00,'/admin/common/image/others/ba6fdfba-8879-4559-b57d-532a9fb4b8e0.png',NULL,NULL,0,1,'2025-12-25 16:10:49','2026-06-11 12:30:33'),(750,'accessory','accessory__zhuangshi','粉色镂空方形隔珠','',10.00,'',6.00,6.00,999,0.00,'/admin/common/image/others/ba6fdfba-8879-4559-b57d-532a9fb4b8e0.png',NULL,NULL,0,1,'2025-12-25 16:24:21','2026-06-11 12:30:33'),(751,'accessory','accessory__zhuangshi','金粉镶钻隔圈','',11.00,'',8.00,8.00,999,0.00,'/admin/common/image/others/ba6fdfba-8879-4559-b57d-532a9fb4b8e0.png',NULL,NULL,0,1,'2025-12-25 16:27:34','2026-06-11 12:30:33'),(752,'accessory','accessory__zhuangshi','金粉方块','',17.00,'',9.00,9.00,999,0.00,'/admin/common/image/others/ba6fdfba-8879-4559-b57d-532a9fb4b8e0.png',NULL,NULL,0,1,'2025-12-25 16:33:43','2026-06-11 12:30:33'),(753,'accessory','accessory__zhuangshi','金粉爱心镶嵌','',11.00,'',8.00,8.00,999,0.00,'/admin/common/image/others/ba6fdfba-8879-4559-b57d-532a9fb4b8e0.png',NULL,NULL,0,1,'2025-12-25 17:06:18','2026-06-11 12:30:33'),(754,'accessory','accessory__geduan','金粉椭圆镶嵌','',11.00,'',8.00,8.00,999,0.00,'/admin/common/image/others/ba6fdfba-8879-4559-b57d-532a9fb4b8e0.png','/admin/common/image/others/21784c6f-3662-402e-89a3-43be27b850db.png','/admin/common/image/others/52c56e05-d14e-4f83-9160-f4a684eabbb5.png',0,1,'2025-12-25 17:09:02','2026-07-14 16:21:04');
/*!40000 ALTER TABLE `diy_material` ENABLE KEYS */;
UNLOCK TABLES;

--
-- Table structure for table `order`
--

DROP TABLE IF EXISTS `order`;
/*!40101 SET @saved_cs_client     = @@character_set_client */;
/*!50503 SET character_set_client = utf8mb4 */;
CREATE TABLE `order` (
  `id` bigint NOT NULL AUTO_INCREMENT COMMENT '订单ID',
  `user_id` bigint NOT NULL COMMENT '用户ID',
  `order_no` varchar(50) NOT NULL COMMENT '订单编号',
  `amount` decimal(10,2) NOT NULL COMMENT '订单金额',
  `receiver_name` varchar(50) DEFAULT NULL COMMENT '收货人姓名',
  `receiver_phone` varchar(20) DEFAULT NULL COMMENT '收货人电话',
  `email` varchar(100) DEFAULT NULL COMMENT '联系邮箱',
  `receiver_province` varchar(50) DEFAULT NULL COMMENT '收货省份',
  `receiver_city` varchar(50) DEFAULT NULL COMMENT '收货城市',
  `receiver_district` varchar(50) DEFAULT NULL COMMENT '收货区县',
  `receiver_detail` varchar(255) DEFAULT NULL COMMENT '详细地址',
  `product_image` varchar(255) DEFAULT NULL COMMENT '商品图片URL',
  `diy_name` varchar(100) DEFAULT NULL COMMENT 'DIY作品名称',
  `description` varchar(1000) DEFAULT NULL COMMENT '手链组成描述（如材料顺序等）',
  `status` tinyint DEFAULT '0' COMMENT '状态：0待支付 1已支付 2已发货 3已完成 4退款中 5已退款',
  `pay_time` datetime DEFAULT NULL COMMENT '支付时间',
  `transaction_id` varchar(64) DEFAULT NULL COMMENT '微信支付交易号',
  `prepay_id` varchar(64) DEFAULT NULL COMMENT '微信预支付交易会话ID',
  `refund_amount` decimal(10,2) DEFAULT NULL COMMENT '退款金额',
  `refund_time` datetime DEFAULT NULL COMMENT '退款时间',
  `refund_reason` varchar(255) DEFAULT NULL COMMENT '退款原因',
  `remark` varchar(500) DEFAULT NULL COMMENT '订单备注',
  `refund_id` varchar(64) DEFAULT NULL COMMENT '微信退款单号',
  `delivery_time` datetime DEFAULT NULL COMMENT '发货时间',
  `tracking_number` varchar(100) DEFAULT NULL COMMENT '运单号（快递单号）',
  `complete_time` datetime DEFAULT NULL COMMENT '完成时间',
  `create_time` datetime DEFAULT CURRENT_TIMESTAMP COMMENT '下单时间',
  `update_time` datetime DEFAULT NULL COMMENT '更新时间',
  `is_overseas` tinyint NOT NULL DEFAULT '0' COMMENT '是否海外版订单：0国内版，1海外版',
  `paypal_order_id` varchar(100) DEFAULT NULL COMMENT 'PayPal订单ID',
  `paypal_capture_id` varchar(100) DEFAULT NULL COMMENT 'PayPal捕获ID',
  PRIMARY KEY (`id`),
  UNIQUE KEY `order_no` (`order_no`),
  KEY `idx_transaction_id` (`transaction_id`),
  KEY `idx_update_time` (`update_time`),
  KEY `idx_order_is_overseas` (`is_overseas`),
  KEY `idx_order_paypal_order_id` (`paypal_order_id`)
) ENGINE=InnoDB AUTO_INCREMENT=164 DEFAULT CHARSET=utf8mb3 COMMENT='订单主表';
/*!40101 SET character_set_client = @saved_cs_client */;

--
-- Dumping data for table `order`
--

LOCK TABLES `order` WRITE;
/*!40000 ALTER TABLE `order` DISABLE KEYS */;
INSERT INTO `order` VALUES (2,1,'OD1764333425342',201.00,'李四','13987654321',NULL,'北京市','北京市','朝阳区','三里屯SOHO A座2208室','https://example.com/images/product/macbook-air-m2.jpg',NULL,NULL,6,NULL,NULL,NULL,NULL,NULL,NULL,NULL,NULL,NULL,NULL,NULL,'2025-11-28 20:37:05','2025-12-19 22:55:00',0,NULL,NULL),(3,2,'202512131455072',57.16,'王五','15800123456',NULL,'上海市','上海市','黄浦区','外滩金融中心B座1506室','https://example.com/images/product/airpods-pro-2.jpg',NULL,NULL,6,NULL,NULL,NULL,NULL,NULL,NULL,NULL,NULL,NULL,NULL,NULL,'2025-12-13 14:55:08','2025-12-19 22:55:00',0,NULL,NULL),(5,4,'202512141507544',12.76,'刘七','18912345678',NULL,'江苏省','南京市','玄武区','中山路321号紫峰大厦18层','https://example.com/images/product/sony-wh1000xm5.jpg',NULL,NULL,6,NULL,NULL,NULL,NULL,NULL,NULL,NULL,NULL,NULL,NULL,NULL,'2025-12-14 15:07:55','2025-12-19 22:55:00',0,NULL,NULL),(7,3,'202512141548213',0.01,'周九','15912345678',NULL,'四川省','成都市','武侯区','天府大道北段966号天府国际金融中心4号楼','https://example.com/images/product/kindle-paperwhite. jpg',NULL,NULL,4,'2025-12-14 15:49:17','4200002965202512144166551593',NULL,NULL,NULL,NULL,NULL,NULL,NULL,NULL,NULL,'2025-12-14 15:48:21','2025-12-18 21:17:23',0,NULL,NULL),(8,3,'202512141624043',12.76,'吴十','18612345678',NULL,'湖北省','武汉市','江汉区','建设大道518号招银大厦35层','https://example.com/images/product/xiaomi-13-ultra.jpg',NULL,NULL,6,NULL,NULL,NULL,NULL,NULL,NULL,NULL,NULL,NULL,NULL,NULL,'2025-12-14 16:24:04','2025-12-19 22:55:00',0,NULL,NULL),(9,3,'202512141635573',18.64,'郑小美','13512345678',NULL,'福建省','厦门市','思明区','观音山国际商务营运中心10号楼2208','https://example.com/images/product/dyson-v15-detect.jpg',NULL,NULL,6,NULL,NULL,NULL,NULL,NULL,NULL,NULL,NULL,NULL,NULL,NULL,'2025-12-14 16:35:57','2025-12-19 22:55:00',0,NULL,NULL),(16,3,'202512141704203',14.76,'孙大明','17712345678',NULL,'山东省','青岛市','崂山区','海尔路63号数码科技中心B座1506','https://example.com/images/product/ipad-pro-12.9.jpg',NULL,NULL,6,NULL,NULL,NULL,NULL,NULL,NULL,NULL,NULL,NULL,NULL,NULL,'2025-12-14 17:04:21','2025-12-19 22:55:00',0,NULL,NULL),(17,3,'202512141722093',0.01,'黄小华','13312345678',NULL,'重庆市','重庆市','渝北区','新牌坊三路3号龙湖紫都城A座2606','https://example.com/images/product/apple-watch-ultra.jpg',NULL,NULL,6,NULL,NULL,NULL,NULL,NULL,NULL,NULL,NULL,NULL,NULL,NULL,'2025-12-14 17:22:09','2025-12-19 22:55:00',0,NULL,NULL),(18,3,'202512141723083',0.01,'林志远','18312345678',NULL,'辽宁省','大连市','沙河口区','软件园东路40号亿达创业园C座8楼','https://example.com/images/product/tesla-model-y-keychain.jpg',NULL,NULL,4,'2025-12-14 17:25:24','4200002930202512143735416988',NULL,NULL,NULL,NULL,NULL,NULL,NULL,NULL,NULL,'2025-12-14 17:23:09','2025-12-18 21:17:49',0,NULL,NULL),(19,3,'202512142030103',0.01,'何晓雯','15612345678',NULL,'湖南省','长沙市','岳麓区','银盆南路361号长沙银行大厦22楼','https://example.com/images/product/lego-technic-42141.jpg',NULL,NULL,4,'2025-12-14 20:31:42','4200003006202512144668497127',NULL,NULL,NULL,NULL,NULL,NULL,NULL,NULL,NULL,'2025-12-14 20:30:10','2025-12-18 21:18:03',0,NULL,NULL),(20,3,'OD1766063987054',0.01,NULL,NULL,NULL,NULL,NULL,NULL,NULL,NULL,NULL,NULL,6,NULL,NULL,NULL,NULL,NULL,NULL,NULL,NULL,NULL,NULL,NULL,'2025-12-18 21:19:47','2025-12-19 22:55:00',0,NULL,NULL),(21,3,'OD1766068413724',0.01,NULL,NULL,NULL,NULL,NULL,NULL,NULL,NULL,NULL,NULL,6,NULL,NULL,NULL,NULL,NULL,NULL,NULL,NULL,NULL,NULL,NULL,'2025-12-18 22:33:34','2025-12-19 22:54:59',0,NULL,NULL),(22,2,'OD1766069340655',137.50,NULL,NULL,NULL,NULL,NULL,NULL,NULL,NULL,NULL,NULL,6,NULL,NULL,NULL,NULL,NULL,NULL,NULL,NULL,NULL,NULL,NULL,'2025-12-18 22:49:01','2025-12-19 22:55:00',0,NULL,NULL),(23,2,'OD1766069434813',115.44,NULL,NULL,NULL,NULL,NULL,NULL,NULL,NULL,NULL,NULL,6,NULL,NULL,NULL,NULL,NULL,NULL,NULL,NULL,NULL,NULL,NULL,'2025-12-18 22:50:35','2025-12-19 22:55:00',0,NULL,NULL),(24,2,'OD1766072581492',12.50,NULL,NULL,NULL,NULL,NULL,NULL,NULL,NULL,NULL,NULL,6,NULL,NULL,NULL,NULL,NULL,NULL,NULL,NULL,NULL,NULL,NULL,'2025-12-18 23:43:01','2025-12-19 22:55:00',0,NULL,NULL),(25,2,'OD1766072771126',12.50,NULL,NULL,NULL,NULL,NULL,NULL,NULL,NULL,NULL,NULL,6,NULL,NULL,NULL,NULL,NULL,NULL,NULL,NULL,NULL,NULL,NULL,'2025-12-18 23:46:11','2025-12-19 22:55:00',0,NULL,NULL),(26,3,'OD1766074472147',88.00,NULL,NULL,NULL,NULL,NULL,NULL,NULL,NULL,NULL,NULL,6,NULL,NULL,NULL,NULL,NULL,NULL,NULL,NULL,NULL,NULL,NULL,'2025-12-19 00:14:32','2025-12-19 22:55:00',0,NULL,NULL),(27,2,'OD1766109623580',12.50,NULL,NULL,NULL,NULL,NULL,NULL,NULL,NULL,NULL,NULL,6,NULL,NULL,NULL,NULL,NULL,NULL,NULL,NULL,NULL,NULL,NULL,'2025-12-19 10:00:24','2025-12-19 22:55:00',0,NULL,NULL),(28,2,'OD1766109656916',12.50,NULL,NULL,NULL,NULL,NULL,NULL,NULL,NULL,NULL,NULL,6,NULL,NULL,NULL,NULL,NULL,NULL,NULL,NULL,NULL,NULL,NULL,'2025-12-19 10:00:57','2025-12-19 22:55:00',0,NULL,NULL),(29,2,'OD1766109747510',12.50,NULL,NULL,NULL,NULL,NULL,NULL,NULL,NULL,NULL,NULL,6,NULL,NULL,NULL,NULL,NULL,NULL,NULL,NULL,NULL,NULL,NULL,'2025-12-19 10:02:28','2025-12-19 22:55:00',0,NULL,NULL),(30,2,'OD1766110113562',12.50,NULL,NULL,NULL,NULL,NULL,NULL,NULL,NULL,NULL,NULL,6,NULL,NULL,NULL,NULL,NULL,NULL,NULL,NULL,NULL,NULL,NULL,'2025-12-19 10:08:34','2025-12-19 22:55:00',0,NULL,NULL),(31,3,'OD1766133177586',12.50,NULL,NULL,NULL,NULL,NULL,NULL,NULL,NULL,NULL,NULL,6,NULL,NULL,NULL,NULL,NULL,NULL,NULL,NULL,NULL,NULL,NULL,'2025-12-19 16:32:58','2025-12-19 22:55:00',0,NULL,NULL),(32,3,'OD1766156120121',88.00,NULL,NULL,NULL,NULL,NULL,NULL,NULL,NULL,NULL,NULL,6,NULL,NULL,NULL,NULL,NULL,NULL,NULL,NULL,NULL,NULL,NULL,'2025-12-19 22:55:20','2025-12-19 22:55:37',0,NULL,NULL),(33,2,'OD1766157154211',0.00,NULL,NULL,NULL,NULL,NULL,NULL,NULL,'/admin/common/image/diy_design/178999d8d627452895fb3e0958037343.png','张三',NULL,6,NULL,NULL,NULL,NULL,NULL,NULL,NULL,NULL,NULL,NULL,NULL,'2025-12-19 23:12:34','2025-12-19 23:22:28',0,NULL,NULL),(34,3,'OD1766158259117',88.00,NULL,NULL,NULL,NULL,NULL,NULL,NULL,NULL,NULL,NULL,6,NULL,NULL,NULL,NULL,NULL,NULL,NULL,NULL,NULL,NULL,NULL,'2025-12-19 23:30:59','2025-12-19 23:31:11',0,NULL,NULL),(35,3,'OD1766159612195',176.00,NULL,NULL,NULL,NULL,NULL,NULL,NULL,NULL,NULL,NULL,6,NULL,NULL,NULL,NULL,NULL,NULL,NULL,NULL,NULL,NULL,NULL,'2025-12-19 23:53:32','2025-12-20 00:24:00',0,NULL,NULL),(36,3,'OD1766203737939',88.00,NULL,NULL,NULL,NULL,NULL,NULL,NULL,NULL,NULL,NULL,6,NULL,NULL,NULL,NULL,NULL,NULL,NULL,NULL,NULL,NULL,NULL,'2025-12-20 12:08:58','2025-12-20 12:39:00',0,NULL,NULL),(37,2,'OD1766207339975',90.16,NULL,NULL,NULL,NULL,NULL,NULL,NULL,'/admin/common/image/diy_design/d45cff661285451dbf2230a3779793ec.png',NULL,NULL,6,NULL,NULL,NULL,NULL,NULL,NULL,NULL,NULL,NULL,NULL,NULL,'2025-12-20 13:09:00','2025-12-20 13:39:00',0,NULL,NULL),(38,2,'OD1766226965572',85.04,NULL,NULL,NULL,NULL,NULL,NULL,NULL,'/admin/common/image/diy_design/b38772dfa3b74820b881ac33abfad8c1.png','给张三的项链',NULL,6,NULL,NULL,NULL,NULL,NULL,NULL,NULL,NULL,NULL,NULL,NULL,'2025-12-20 18:36:06','2025-12-20 19:07:00',0,NULL,NULL),(39,2,'OD1766229503533',76.00,NULL,NULL,NULL,NULL,NULL,NULL,NULL,'/admin/common/image/diy_design/ccd78778e02e451d872a67375e8de443.png','给张三的礼物',NULL,6,NULL,NULL,NULL,NULL,NULL,NULL,NULL,NULL,NULL,NULL,NULL,'2025-12-20 19:18:24','2025-12-20 19:49:00',0,NULL,NULL),(40,2,'OD1766234026589',56.00,NULL,NULL,NULL,NULL,NULL,NULL,NULL,'/admin/common/image/diy_design/69955397ebd74217b87ecbc1ef63875d.png','假按揭',NULL,6,NULL,NULL,NULL,NULL,NULL,NULL,NULL,NULL,NULL,NULL,NULL,'2025-12-20 20:33:47','2025-12-20 21:04:00',0,NULL,NULL),(41,2,'OD1766234733812',56.00,NULL,NULL,NULL,NULL,NULL,NULL,NULL,'/admin/common/image/diy_design/9ed8949a74dd46db94d55d4cd835e770.png',NULL,NULL,6,NULL,NULL,NULL,NULL,NULL,NULL,NULL,NULL,NULL,NULL,NULL,'2025-12-20 20:45:34','2025-12-20 21:16:00',0,NULL,NULL),(42,2,'OD1766236044440',32.00,NULL,NULL,NULL,NULL,NULL,NULL,NULL,'/admin/common/image/diy_design/abf21af1091b498faae99624cf4e2ae3.png',NULL,NULL,6,NULL,NULL,NULL,NULL,NULL,NULL,NULL,NULL,NULL,NULL,NULL,'2025-12-20 21:07:24','2025-12-20 21:32:19',0,NULL,NULL),(43,2,'OD1766237233375',100.50,NULL,NULL,NULL,NULL,NULL,NULL,NULL,NULL,NULL,NULL,6,NULL,NULL,NULL,NULL,NULL,NULL,NULL,NULL,NULL,NULL,NULL,'2025-12-20 21:27:13','2025-12-20 21:32:00',0,NULL,NULL),(44,2,'OD1766237260918',176.00,NULL,NULL,NULL,NULL,NULL,NULL,NULL,NULL,NULL,NULL,6,NULL,NULL,NULL,NULL,NULL,NULL,NULL,NULL,NULL,NULL,NULL,'2025-12-20 21:27:41','2025-12-20 21:32:14',0,NULL,NULL),(45,2,'OD1766237476804',48.00,'杨东','18483532051',NULL,'四川省','宜宾市','翠屏区','大学路宜宾学院','/admin/common/image/diy_design/09201a7490c141ee8306294796de3c02.png','给张三的礼物','最上面的为第一颗珠子：红锂云母，顺时针第二颗：红锂云母，顺时针第三颗：红锂云母，顺时针第四颗：红锂云母，顺时针第五颗：红锂云母，顺时针第六颗：红锂云母',6,NULL,NULL,NULL,NULL,NULL,NULL,NULL,NULL,NULL,NULL,NULL,'2025-12-20 21:31:17','2025-12-20 22:02:00',0,NULL,NULL),(46,2,'OD1766237497400',88.00,NULL,NULL,NULL,NULL,NULL,NULL,NULL,NULL,NULL,NULL,6,NULL,NULL,NULL,NULL,NULL,NULL,NULL,NULL,NULL,NULL,NULL,'2025-12-20 21:31:37','2025-12-20 22:02:00',0,NULL,NULL),(47,2,'OD1766237581737',133.00,'杨东','18483532051',NULL,'四川省','宜宾市','翠屏区','大学路宜宾学院','/admin/common/image/diy_design/b3dc51f684f54c5384e399772ff1d05d.png',NULL,NULL,6,NULL,NULL,NULL,NULL,NULL,NULL,NULL,NULL,NULL,NULL,NULL,'2025-12-20 21:33:02','2025-12-20 21:33:16',0,NULL,NULL),(48,3,'OD1766237695727',16.00,'test','15681778337',NULL,'北京市','北京市','东城区','666','/admin/common/image/diy_design/de0d2bf778814d359bde5fc296fa579c.png','我的',NULL,6,NULL,NULL,NULL,NULL,NULL,NULL,NULL,NULL,NULL,NULL,NULL,'2025-12-20 21:34:56','2025-12-20 22:05:00',0,NULL,NULL),(49,3,'OD1766238667577',10.00,'test','15681778337',NULL,'北京市','北京市','东城区','666','/admin/common/image/diy_design/c9dcc680965244399d1efb33124936c7.png','蔡徐坤',NULL,6,NULL,NULL,NULL,NULL,NULL,NULL,NULL,NULL,NULL,NULL,NULL,'2025-12-20 21:51:08','2025-12-20 22:22:00',0,NULL,NULL),(50,3,'OD1766246519652',8.00,'test','15681778337',NULL,'北京市','北京市','东城区','666','/admin/common/image/diy_designs/diy_design/a473738119fe465fab37815453bc1218.png',NULL,NULL,6,NULL,NULL,NULL,NULL,NULL,NULL,NULL,NULL,NULL,NULL,NULL,'2025-12-21 00:02:00','2025-12-21 00:02:10',0,NULL,NULL),(51,3,'DIY1766251831923',0.01,'test','15681778337',NULL,'北京市','北京市','东城区','666','/admin/common/image/diy_designs/diy_design/373e964ab599465083d572703f99b8b4.png','我的',NULL,5,'2025-12-21 01:35:51','4200002933202512211633856008',NULL,0.01,'2025-12-21 01:37:38',NULL,NULL,'50300805442025122194781414377',NULL,NULL,NULL,'2025-12-21 01:30:32','2025-12-21 01:37:58',0,NULL,NULL),(52,3,'DIY1766251936541',10.00,'test','15681778337',NULL,'北京市','北京市','东城区','666','/admin/common/image/diy_designs/diy_design/373e964ab599465083d572703f99b8b4.png','我的',NULL,6,NULL,NULL,NULL,NULL,NULL,NULL,NULL,NULL,NULL,NULL,NULL,'2025-12-21 01:32:17','2025-12-21 02:03:00',0,NULL,NULL),(53,3,'DIY1766301474829',10.00,'test','15681778337',NULL,'北京市','北京市','东城区','666','/admin/common/image/diy_designs/diy_design/d8a7200327224dc0a85b05cdc67b1d63.png','666','最上面的为第一颗珠子：粉玉髓，顺时针第二颗：红锂云母',6,NULL,NULL,NULL,NULL,NULL,NULL,NULL,NULL,NULL,NULL,NULL,'2025-12-21 15:17:55','2025-12-21 15:18:05',0,NULL,NULL),(54,3,'DIY1766301528242',10.00,'test','15681778337',NULL,'北京市','北京市','东城区','666','/admin/common/image/diy_designs/diy_design/335d9d056496416cbb4c1c152872fe4d.png','777','最上面的为第一颗珠子：粉玉髓，顺时针第二颗：红锂云母',6,NULL,NULL,NULL,NULL,NULL,NULL,NULL,NULL,NULL,NULL,NULL,'2025-12-21 15:18:48','2025-12-21 15:18:59',0,NULL,NULL),(55,2,'DIY1766304654055',8.00,'杨东','18483532051',NULL,'四川省','宜宾市','翠屏区','大学路宜宾学院','/admin/common/image/diy_designs/diy_design/4f37c731f0f244afadcf1b07d4e5fa88.png',NULL,'最上面的为第一颗珠子：红锂云母',6,NULL,NULL,NULL,NULL,NULL,NULL,NULL,NULL,NULL,NULL,NULL,'2025-12-21 16:10:54','2025-12-21 16:14:02',0,NULL,NULL),(56,2,'DIY1766304657678',8.00,'杨东','18483532051',NULL,'四川省','宜宾市','翠屏区','大学路宜宾学院','/admin/common/image/diy_designs/diy_design/4f37c731f0f244afadcf1b07d4e5fa88.png',NULL,'最上面的为第一颗珠子：红锂云母',6,NULL,NULL,NULL,NULL,NULL,NULL,NULL,NULL,NULL,NULL,NULL,'2025-12-21 16:10:58','2025-12-21 16:13:57',0,NULL,NULL),(57,2,'DIY1766307778709',32.00,'杨东','18483532051',NULL,'四川省','宜宾市','翠屏区','大学路宜宾学院','/admin/common/image/diy_designs/diy_design/5464ad774b384818975ba203027bd820.png','著作','最上面的为第一颗珠子：红锂云母，顺时针第二颗：红锂云母，顺时针第三颗：红锂云母，顺时针第四颗：红锂云母',6,NULL,NULL,NULL,NULL,NULL,NULL,NULL,NULL,NULL,NULL,NULL,'2025-12-21 17:02:59','2025-12-21 17:03:18',0,NULL,NULL),(58,9,'DIY1766307787198',216.00,'2','17686160669',NULL,'山东省','济宁市','泗水县','门口','/admin/common/image/diy_designs/diy_design/462a7643f8e848a998bac92c8d31f1e3.png',NULL,'最上面的为第一颗珠子：红锂云母，顺时针第二颗：红锂云母，顺时针第三颗：红锂云母，顺时针第四颗：红锂云母，顺时针第五颗：红锂云母，顺时针第六颗：红锂云母，顺时针第七颗：红锂云母，顺时针第八颗：红锂云母，顺时针第九颗：红锂云母，顺时针第十颗：红锂云母，顺时针第十一颗：红锂云母，顺时针第十二颗：红锂云母，顺时针第十三颗：红锂云母，顺时针第十四颗：红锂云母，顺时针第十五颗：红锂云母，顺时针第十六颗：红锂云母，顺时针第十七颗：红锂云母，顺时针第十八颗：红锂云母，顺时针第十九颗：红锂云母，顺时针第二十颗：红锂云母，顺时针第二十一颗：红锂云母，顺时针第二十二颗：红锂云母，顺时针第二十三颗：红锂云母，顺时针第二十四颗：红锂云母，顺时针第二十五颗：红锂云母，顺时针第二十六颗：红锂云母，顺时针第二十七颗：红锂云母',6,NULL,NULL,NULL,NULL,NULL,NULL,NULL,NULL,NULL,NULL,NULL,'2025-12-21 17:03:07','2025-12-21 17:34:00',0,NULL,NULL),(59,13,'DIY1766367989230',238.00,'张三','18888888888',NULL,'四川省','宜宾市','翠屏区','大学路','/admin/common/image/diy_designs/diy_design/44fe877f923a4238938c391daf19c686.png','给李四的礼物','最上面的为第一颗珠子：白月光，顺时针第二颗：白月光，顺时针第三颗：白月光，顺时针第四颗：白月光，顺时针第五颗：白月光，顺时针第六颗：白阿塞，顺时针第七颗：白阿塞，顺时针第八颗：白阿塞，顺时针第九颗：白阿塞，顺时针第十颗：白阿塞，顺时针第十一颗：白阿塞，顺时针第十二颗：白阿塞，顺时针第十三颗：贝珠，顺时针第十四颗：白月光',6,NULL,NULL,NULL,NULL,NULL,NULL,NULL,NULL,NULL,NULL,NULL,'2025-12-22 09:46:29','2025-12-22 10:17:00',0,NULL,NULL),(60,13,'DIY1766370958557',1.00,'张三','18888888888',NULL,'四川省','宜宾市','翠屏区','大学路','/admin/common/image/diy_designs/diy_design/4308ac2caefb4613845c826214892145.png','李四','最上面的为第一颗珠子：测试尺寸6',6,NULL,NULL,NULL,NULL,NULL,NULL,NULL,NULL,NULL,NULL,NULL,'2025-12-22 10:35:59','2025-12-22 11:06:00',0,NULL,NULL),(61,13,'DIY1766370983889',2.00,'张三','18888888888',NULL,'四川省','宜宾市','翠屏区','大学路','/admin/common/image/diy_designs/diy_design/6e8d3d08a89e4e99b4c4566a6be0c0cf.png',NULL,'最上面的为第一颗珠子：测试尺寸6，顺时针第二颗：测试尺寸6',5,'2025-12-22 10:36:37','4200002928202512220084056339',NULL,2.00,'2025-12-22 12:36:18',NULL,NULL,'50301905452025122245862909970',NULL,NULL,NULL,'2025-12-22 10:36:24','2025-12-22 12:36:28',0,NULL,NULL),(62,13,'DIY1766371178654',115.00,'张三','18888888888',NULL,'四川省','宜宾市','翠屏区','大学路','/admin/common/image/diy_designs/diy_design/b25e4a4d75064362b4d90139ebb0b85f.png',NULL,'最上面的为第一颗珠子：测试尺寸6，顺时针第二颗：测试尺寸6，顺时针第三颗：花珀，顺时针第四颗：花珀，顺时针第五颗：花珀，顺时针第六颗：花珀，顺时针第七颗：花珀，顺时针第八颗：花珀',6,NULL,NULL,NULL,NULL,NULL,NULL,NULL,NULL,NULL,NULL,NULL,'2025-12-22 10:39:39','2025-12-22 11:10:00',0,NULL,NULL),(63,2,'DIY1766371964950',75.00,'张三','18888888888',NULL,'北京市','北京市','东城区','红星街','/admin/common/image/diy_designs/diy_design/45c0790d74de413fb541dda743062b6e.png',NULL,'最上面的为第一颗珠子：花珀，顺时针第二颗：花珀，顺时针第三颗：花珀，顺时针第四颗：花珀，顺时针第五颗：花珀',6,NULL,NULL,NULL,NULL,NULL,NULL,NULL,NULL,NULL,NULL,NULL,'2025-12-22 10:52:45','2025-12-22 11:23:00',0,NULL,NULL),(64,2,'DIY1766372711911',75.00,'张三','18888888888',NULL,'北京市','北京市','东城区','红星街','/admin/common/image/diy_designs/diy_design/b9224efcc9c2431aab20424e52052cbd.png','ok','最上面的为第一颗珠子：花珀，顺时针第二颗：花珀，顺时针第三颗：花珀，顺时针第四颗：花珀，顺时针第五颗：花珀',4,NULL,NULL,NULL,75.00,'2025-12-24 23:18:08',NULL,NULL,NULL,NULL,NULL,NULL,'2025-12-22 11:05:12','2025-12-24 23:18:08',0,NULL,NULL),(65,2,'DIY1766374720387',45.00,'张三','18888888888',NULL,'北京市','北京市','东城区','红星街','/admin/common/image/diy_designs/diy_design/efdbca698aa14f47937262dd54d6b3ee.png',NULL,'最上面的为第一颗珠子：花珀（8mm），顺时针第二颗：花珀（8mm），顺时针第三颗：花珀（8mm）',6,NULL,NULL,NULL,NULL,NULL,NULL,NULL,NULL,NULL,NULL,NULL,'2025-12-22 11:38:40','2025-12-22 11:38:59',0,NULL,NULL),(66,2,'DIY1766375032921',132.00,'张三','18888888888',NULL,'北京市','北京市','东城区','红星街','/admin/common/image/diy_designs/diy_design/089a708e3d5d49868ac2f01fb37c77f7.png',NULL,'最上面的为第一颗珠子：花珀（8mm），顺时针第二颗：花珀（8mm），顺时针第三颗：花珀（8mm），顺时针第四颗：花珀（8mm），顺时针第五颗：湖水绿和田玉（8mm），顺时针第六颗：湖水绿和田玉（8mm），顺时针第七颗：湖水绿和田玉（8mm），顺时针第八颗：湖水绿和田玉（8mm）',6,NULL,NULL,NULL,NULL,NULL,NULL,NULL,NULL,NULL,NULL,NULL,'2025-12-22 11:43:53','2025-12-22 11:43:58',0,NULL,NULL),(67,2,'DIY1766375661736',117.00,'张三','18888888888',NULL,'北京市','北京市','东城区','红星街','/admin/common/image/diy_designs/diy_design/b3dba508d8cc43cab030fa2db1213199.png','给李四的礼物','最上面的为第一颗珠子：花珀（8mm），顺时针第二颗：花珀（8mm），顺时针第三颗：花珀（8mm），顺时针第四颗：花珀（8mm），顺时针第五颗：花珀（8mm），顺时针第六颗：花珀（8mm），顺时针第七颗：花珀（8mm），顺时针第八颗：淡水珍珠（5mm），顺时针第九颗：淡水珍珠（5mm），顺时针第十颗：淡水珍珠（5mm），顺时针第十一颗：淡水珍珠（5mm）',3,NULL,NULL,NULL,NULL,NULL,NULL,NULL,NULL,'2025-12-22 12:58:06','111',NULL,'2025-12-22 11:54:22',NULL,0,NULL,NULL),(68,2,'DIY1766384082135',90.00,'张三','18888888888',NULL,'北京市','北京市','东城区','红星街','/admin/common/image/diy_designs/diy_design/fce6f801d8db4dd1ba3cd28c34343d5e.png',NULL,'最上面的为第一颗珠子：花珀（8mm），顺时针第二颗：花珀（8mm），顺时针第三颗：花珀（8mm），顺时针第四颗：花珀（8mm），顺时针第五颗：花珀（8mm），顺时针第六颗：花珀（8mm）',3,NULL,NULL,NULL,NULL,NULL,NULL,NULL,NULL,'2025-12-22 14:16:07','SF254863525462649958',NULL,'2025-12-22 14:14:42','2025-12-22 14:14:48',0,NULL,NULL),(69,2,'DIY1766391596339',141.00,'张三','18888888888',NULL,'北京市','北京市','东城区','红星街','/admin/common/image/diy_designs/diy_design/a6564498f8ca46f983ba0cfa28c93bdc.png',NULL,'最上面的为第一颗珠子：小叶紫檀（10mm），顺时针第二颗：小叶紫檀（10mm），顺时针第三颗：小叶紫檀（10mm），顺时针第四颗：小叶紫檀（10mm），顺时针第五颗：小叶紫檀（10mm），顺时针第六颗：小叶紫檀（10mm），顺时针第七颗：小叶紫檀（10mm），顺时针第八颗：白菩提（10mm），顺时针第九颗：白菩提（10mm），顺时针第十颗：白菩提（10mm），顺时针第十一颗：白菩提（10mm），顺时针第十二颗：小叶紫檀（8mm），顺时针第十三颗：小叶紫檀（8mm），顺时针第十四颗：小叶紫檀（8mm），顺时针第十五颗：小叶紫檀（8mm），顺时针第十六颗：小叶紫檀（8mm），顺时针第十七颗：小叶紫檀（8mm），顺时针第十八颗：小叶紫檀（8mm），顺时针第十九颗：小叶紫檀（8mm），顺时针第二十颗：小叶紫檀（8mm）',6,NULL,NULL,NULL,NULL,NULL,NULL,NULL,NULL,NULL,NULL,NULL,'2025-12-22 16:19:56','2025-12-22 16:50:00',0,NULL,NULL),(71,2,'DIY1766403756967',90.00,'张三','18888888888',NULL,'北京市','北京市','东城区','红星街','/admin/common/image/diy_designs/diy_design/0a42ec4c675c4d31aa5464ce02d5b050.png',NULL,'最上面的为第一颗珠子：花珀（8mm），顺时针第二颗：花珀（8mm），顺时针第三颗：花珀（8mm），顺时针第四颗：花珀（8mm），顺时针第五颗：花珀（8mm），顺时针第六颗：花珀（8mm）',6,NULL,NULL,NULL,NULL,NULL,NULL,NULL,NULL,NULL,NULL,NULL,'2025-12-22 19:42:37','2025-12-22 20:13:00',0,NULL,NULL),(72,6,'DIY1766404094482',165.00,'李雪','15555555555',NULL,'北京市','北京市','东城区','111','/admin/common/image/diy_designs/diy_design/5ebe2912fd194b40af94dd44f95c5f5a.png',NULL,'最上面的为第一颗珠子：花珀（8mm），顺时针第二颗：花珀（8mm），顺时针第三颗：花珀（8mm），顺时针第四颗：花珀（8mm），顺时针第五颗：花珀（8mm），顺时针第六颗：花珀（8mm），顺时针第七颗：花珀（8mm），顺时针第八颗：花珀（8mm），顺时针第九颗：花珀（8mm），顺时针第十颗：花珀（8mm），顺时针第十一颗：花珀（8mm）',6,NULL,NULL,NULL,NULL,NULL,NULL,NULL,NULL,NULL,NULL,NULL,'2025-12-22 19:48:14','2025-12-22 20:19:00',0,NULL,NULL),(73,6,'DIY1766404118531',198.00,'李雪','15555555555',NULL,'北京市','北京市','东城区','111','/admin/common/image/diy_designs/diy_design/017a22182d464cf0b766f0920138986a.png',NULL,'最上面的为第一颗珠子：淡水珍珠（5mm），顺时针第二颗：淡水珍珠（5mm），顺时针第三颗：淡水珍珠（5mm），顺时针第四颗：花珀（6mm），顺时针第五颗：花珀（10mm），顺时针第六颗：花珀（14mm），顺时针第七颗：花珀（10mm），顺时针第八颗：花珀（8mm），顺时针第九颗：花珀（12mm），顺时针第十颗：花珀（8mm），顺时针第十一颗：花珀（6mm），顺时针第十二颗：花珀（6mm），顺时针第十三颗：绿檀木（12mm），顺时针第十四颗：绿檀木（6mm），顺时针第十五颗：白菩提（8mm），顺时针第十六颗：白菩提（8mm），顺时针第十七颗：白菩提（10mm）',6,NULL,NULL,NULL,NULL,NULL,NULL,NULL,NULL,NULL,NULL,NULL,'2025-12-22 19:48:39','2025-12-22 20:19:00',0,NULL,NULL),(74,2,'DIY1766404171780',135.00,'张三','18888888888',NULL,'北京市','北京市','东城区','红星街','/admin/common/image/diy_designs/diy_design/2aedaa7889fe43549a2df7bb58d7ed47.png','给李四的礼物','最上面的为第一颗珠子：花珀（8mm），顺时针第二颗：花珀（8mm），顺时针第三颗：花珀（8mm），顺时针第四颗：花珀（8mm），顺时针第五颗：花珀（8mm），顺时针第六颗：花珀（8mm），顺时针第七颗：花珀（8mm），顺时针第八颗：花珀（8mm），顺时针第九颗：花珀（8mm）',6,NULL,NULL,NULL,NULL,NULL,NULL,NULL,NULL,NULL,NULL,NULL,'2025-12-22 19:49:32','2025-12-22 19:50:29',0,NULL,NULL),(75,6,'DIY1766404365900',90.00,'李雪','15555555555',NULL,'北京市','北京市','东城区','111','/admin/common/image/diy_designs/diy_design/7d30feaafe9c4d2a8eda189997257e80.png',NULL,'最上面的为第一颗珠子：紫阿塞（6mm），顺时针第二颗：紫阿塞（6mm），顺时针第三颗：紫阿塞（6mm），顺时针第四颗：紫阿塞（6mm），顺时针第五颗：紫阿塞（6mm），顺时针第六颗：紫阿塞（6mm），顺时针第七颗：紫阿塞（6mm），顺时针第八颗：紫阿塞（6mm），顺时针第九颗：紫阿塞（6mm），顺时针第十颗：紫阿塞（6mm），顺时针第十一颗：紫阿塞（6mm），顺时针第十二颗：紫阿塞（6mm），顺时针第十三颗：紫阿塞（6mm），顺时针第十四颗：紫阿塞（6mm），顺时针第十五颗：紫阿塞（6mm），顺时针第十六颗：紫阿塞（6mm），顺时针第十七颗：紫阿塞（6mm），顺时针第十八颗：紫阿塞（6mm），顺时针第十九颗：紫阿塞（6mm），顺时针第二十颗：紫阿塞（6mm），顺时针第二十一颗：紫阿塞（6mm），顺时针第二十二颗：紫阿塞（6mm），顺时针第二十三颗：紫阿塞（6mm），顺时针第二十四颗：紫阿塞（6mm），顺时针第二十五颗：紫阿塞（6mm），顺时针第二十六颗：紫阿塞（6mm），顺时针第二十七颗：紫阿塞（6mm），顺时针第二十八颗：紫阿塞（6mm），顺时针第二十九颗：紫阿塞（6mm），顺时针第三十颗：紫阿塞（6mm）',6,NULL,NULL,NULL,NULL,NULL,NULL,NULL,NULL,NULL,NULL,NULL,'2025-12-22 19:52:46','2025-12-22 20:23:00',0,NULL,NULL),(76,24,'DIY1766478679340',136.00,'余淮初','18874850917',NULL,'湖南省','长沙市','望城区','才子城二期13栋','/admin/common/image/diy_designs/diy_design/a0f0e6532e35483f88537245b0a9f212.png','DonRom','最上面的为第一颗珠子：白菩提（6mm），顺时针第二颗：晴水绿和田玉（6mm），顺时针第三颗：白菩提（6mm），顺时针第四颗：白菩提（6mm），顺时针第五颗：晴水绿和田玉（6mm），顺时针第六颗：白菩提（6mm），顺时针第七颗：白菩提（6mm），顺时针第八颗：白菩提（6mm），顺时针第九颗：晴水绿和田玉（6mm），顺时针第十颗：白菩提（6mm），顺时针第十一颗：白菩提（6mm），顺时针第十二颗：晴水绿和田玉（6mm），顺时针第十三颗：白菩提（6mm），顺时针第十四颗：白菩提（6mm），顺时针第十五颗：白菩提（6mm），顺时针第十六颗：晴水绿和田玉（6mm），顺时针第十七颗：晴水绿和田玉（6mm），顺时针第十八颗：白菩提（6mm），顺时针第十九颗：白菩提（6mm），顺时针第二十颗：晴水绿和田玉（6mm），顺时针第二十一颗：白菩提（6mm），顺时针第二十二颗：白菩提（6mm），顺时针第二十三颗：晴水绿和田玉（6mm），顺时针第二十四颗：太后星球（3mm），顺时针第二十五颗：旋转雪花（20mm），顺时针第二十六颗：太后星球（3mm）',5,'2025-12-23 16:41:39','4200002948202512239814171047',NULL,136.00,'2025-12-24 22:11:59',NULL,NULL,'50300705602025122430846037704',NULL,NULL,NULL,'2025-12-23 16:31:19','2025-12-24 22:51:36',0,NULL,NULL),(77,3,'DIY1766505987289',43.00,'11','15681778337',NULL,'四川省','宜宾市','翠屏区','成都理工','/admin/common/image/diy_designs/diy_design/dcabacf9e9634d39916fddbfb6e05d54.jpg',NULL,'最上面的为第一颗珠子：六芒星锆石（6mm），顺时针第二颗：四圈镶钻 金（7mm），顺时针第三颗：大冰块（10mm），顺时针第四颗：土星轨迹（18mm）',6,NULL,NULL,NULL,NULL,NULL,NULL,NULL,NULL,NULL,NULL,NULL,'2025-12-24 00:06:27','2025-12-24 00:37:00',0,NULL,NULL),(78,6,'DIY1766506177255',256.00,'李雪','15555555555',NULL,'北京市','北京市','东城区','111','/admin/common/image/diy_designs/diy_design/28599e30fb7643d3a4d41e10d1667c1c.jpg',NULL,'最上面的为第一颗珠子：baby蓝海蓝宝（6mm），顺时针第二颗：baby蓝海蓝宝（6mm），顺时针第三颗：baby蓝海蓝宝（6mm），顺时针第四颗：baby蓝海蓝宝（6mm），顺时针第五颗：baby蓝海蓝宝（8mm），顺时针第六颗：baby蓝海蓝宝（10mm），顺时针第七颗：baby蓝海蓝宝（14mm），顺时针第八颗：圣玛利亚蓝海蓝宝（6mm），顺时针第九颗：圣玛利亚蓝海蓝宝（6mm），顺时针第十颗：圣玛利亚蓝海蓝宝（6mm），顺时针第十一颗：圣玛利亚蓝海蓝宝（6mm），顺时针第十二颗：圣玛利亚蓝海蓝宝（6mm），顺时针第十三颗：圣玛利亚蓝海蓝宝（6mm），顺时针第十四颗：圣玛利亚蓝海蓝宝（6mm），顺时针第十五颗：圣玛利亚蓝海蓝宝（6mm），顺时针第十六颗：圣玛利亚蓝海蓝宝（6mm），顺时针第十七颗：圣玛利亚蓝海蓝宝（6mm），顺时针第十八颗：圣玛利亚蓝海蓝宝（6mm），顺时针第十九颗：baby蓝海蓝宝（8mm），顺时针第二十颗：baby蓝海蓝宝（8mm），顺时针第二十一颗：baby蓝海蓝宝（8mm），顺时针第二十二颗：baby蓝海蓝宝（8mm），顺时针第二十三颗：baby蓝海蓝宝（8mm），顺时针第二十四颗：六芒星锆石（6mm），顺时针第二十五颗：baby蓝海蓝宝（8mm），顺时针第二十六颗：baby蓝海蓝宝（8mm）',6,NULL,NULL,NULL,NULL,NULL,NULL,NULL,NULL,NULL,NULL,NULL,'2025-12-24 00:09:37','2025-12-24 00:09:54',0,NULL,NULL),(79,3,'DIY1766580129368',0.01,'11','15681778337',NULL,'四川省','宜宾市','翠屏区','成都理工','/admin/common/image/diy_designs/diy_design/5579af10150645c8ba4ea64b1e026287.jpg','退款测试','最上面的为第一颗珠子：baby蓝海蓝宝（6mm），顺时针第二颗：baby蓝海蓝宝（8mm），顺时针第三颗：baby蓝海蓝宝（12mm），顺时针第四颗：baby蓝海蓝宝（14mm），顺时针第五颗：乌拉圭紫水晶（6mm），顺时针第六颗：乌拉圭紫水晶（8mm），顺时针第七颗：乌拉圭紫水晶（10mm），顺时针第八颗：鸽血红草莓（10mm），顺时针第九颗：鸽血红草莓（10mm），顺时针第十颗：鸽血红草莓（10mm），顺时针第十一颗：鸽血红草莓（10mm），顺时针第十二颗：鸽血红草莓（10mm），顺时针第十三颗：鸽血红草莓（10mm）',5,'2025-12-24 20:42:53','4200002951202512246045763540',NULL,0.01,'2025-12-24 20:46:56',NULL,NULL,'50302005462025122400477577442',NULL,NULL,NULL,'2025-12-24 20:42:09','2025-12-24 20:48:04',0,NULL,NULL),(80,3,'DIY1766580675805',110.00,'11','15681778337',NULL,'四川省','宜宾市','翠屏区','成都理工','/admin/common/image/diy_designs/diy_design/b0a0b40da5da4bb0b7342fd0e48df223.jpg',NULL,'最上面的为第一颗珠子：鸽血红草莓（10mm），顺时针第二颗：鸽血红草莓（10mm），顺时针第三颗：鸽血红草莓（10mm），顺时针第四颗：鸽血红草莓（10mm），顺时针第五颗：鸽血红草莓（10mm），顺时针第六颗：鸽血红草莓（10mm），顺时针第七颗：鸽血红草莓（10mm），顺时针第八颗：鸽血红草莓（10mm），顺时针第九颗：鸽血红草莓（10mm），顺时针第十颗：鸽血红草莓（10mm），顺时针第十一颗：鸽血红草莓（10mm）',2,NULL,NULL,NULL,NULL,NULL,NULL,NULL,NULL,'2025-12-24 21:09:05','11',NULL,'2025-12-24 20:51:16',NULL,0,NULL,NULL),(81,3,'DIY1766587840367',0.01,'11','15681778337',NULL,'四川省','宜宾市','翠屏区','成都理工','/admin/common/image/diy_designs/diy_design/7c5653ea67d345288b9feddb2bc3b71a.jpg','111','最上面的为第一颗珠子：鸽血红草莓（10mm），顺时针第二颗：鸽血红草莓（10mm），顺时针第三颗：鸽血红草莓（10mm），顺时针第四颗：鸽血红草莓（10mm），顺时针第五颗：鸽血红草莓（10mm），顺时针第六颗：鸽血红草莓（10mm），顺时针第七颗：鸽血红草莓（10mm），顺时针第八颗：鸽血红草莓（10mm）',5,'2025-12-24 22:52:10','4200002943202512249276380737',NULL,0.01,'2025-12-24 22:53:02',NULL,NULL,'50301705692025122489252783209',NULL,NULL,NULL,'2025-12-24 22:50:40','2025-12-24 22:53:59',0,NULL,NULL),(82,3,'ORD1766633783075',188.00,NULL,NULL,NULL,NULL,NULL,NULL,NULL,NULL,NULL,NULL,6,NULL,NULL,NULL,NULL,NULL,NULL,NULL,NULL,NULL,NULL,NULL,'2025-12-25 11:36:23','2025-12-25 11:36:33',0,NULL,NULL),(83,2,'ORD1766647671340',536.00,NULL,NULL,NULL,NULL,NULL,NULL,NULL,NULL,NULL,NULL,6,NULL,NULL,NULL,NULL,NULL,NULL,NULL,NULL,NULL,NULL,NULL,'2025-12-25 15:27:51','2025-12-25 15:42:40',0,NULL,NULL),(84,3,'DIY1766719500590',10.00,'11','15681778337',NULL,'四川省','宜宾市','翠屏区','成都理工','/admin/common/image/diy_designs/diy_design/e516d760719246f5a3a36d4c49678a5b.jpg',NULL,'最上面的为第一颗珠子：鸽血红草莓（10mm）',6,NULL,NULL,NULL,NULL,NULL,NULL,'DIY设计订单',NULL,NULL,NULL,NULL,'2025-12-26 11:25:01','2025-12-26 11:25:20',0,NULL,NULL),(85,2,'ORD1766724573064',169.00,NULL,NULL,NULL,NULL,NULL,NULL,NULL,NULL,NULL,NULL,6,NULL,NULL,NULL,NULL,NULL,NULL,NULL,NULL,NULL,NULL,NULL,'2025-12-26 12:49:33','2025-12-26 13:20:00',0,NULL,NULL),(86,2,'DIY1766725614435',371.00,'张三','18888888888',NULL,'北京市','北京市','东城区','红星街','https://cloud.xiaotangstory.top/admin/common/image/diy_designs/diy_design/497562c1ce87495f975509f7bc86cadc.jpg','我的设计','分类:accessory 雕刻件 花托',6,NULL,NULL,NULL,NULL,NULL,NULL,'DIY设计订单',NULL,NULL,NULL,NULL,'2025-12-26 13:06:54','2025-12-26 13:37:00',0,NULL,NULL),(87,2,'DIY1766725660393',371.00,'张三','18888888888',NULL,'北京市','北京市','东城区','红星街','https://cloud.xiaotangstory.top/admin/common/image/diy_designs/diy_design/b5d81fd4558a477a8d3e06498157d38e.jpg','我的设计','分类:accessory 雕刻件 花托',6,NULL,NULL,NULL,NULL,NULL,NULL,'DIY设计订单',NULL,NULL,NULL,NULL,'2025-12-26 13:07:40','2025-12-26 13:38:00',0,NULL,NULL),(88,2,'DIY1766726211031',15.00,'张三','18888888888',NULL,'北京市','北京市','东城区','红星街','https://cloud.xiaotangstory.top/admin/common/image/diy_designs/diy_design/aa1e33489ff140eaaf6e8b64d2f632a3.jpg','我的设计','分类:main_bead 黑色系 文玩',6,NULL,NULL,NULL,NULL,NULL,NULL,'DIY设计订单',NULL,NULL,NULL,NULL,'2025-12-26 13:16:51','2025-12-26 13:47:00',0,NULL,NULL),(89,2,'DIY1766726234810',15.00,'张三','18888888888',NULL,'北京市','北京市','东城区','红星街','https://cloud.xiaotangstory.top/admin/common/image/diy_designs/diy_design/846906803210465196164f6d355bf46a.jpg','我的设计','分类:main_bead 黑色系 文玩',6,NULL,NULL,NULL,NULL,NULL,NULL,'DIY设计订单',NULL,NULL,NULL,NULL,'2025-12-26 13:17:15','2025-12-26 13:48:00',0,NULL,NULL),(90,2,'DIY1766726678967',45.00,'张三','18888888888',NULL,'北京市','北京市','东城区','红星街','https://cloud.xiaotangstory.top/admin/common/image/diy_designs/diy_design/555cd1bcd34d4a218d331e664f382700.jpg','我的设计','分类:main_bead 黑色系 文玩',6,NULL,NULL,NULL,NULL,NULL,NULL,'DIY设计订单',NULL,NULL,NULL,NULL,'2025-12-26 13:24:39','2025-12-26 13:55:00',0,NULL,NULL),(91,2,'DIY1766726705517',45.00,'张三','18888888888',NULL,'北京市','北京市','东城区','红星街','https://cloud.xiaotangstory.top/admin/common/image/diy_designs/diy_design/b152be3605da4e20815d9ed0f6292c6d.jpg','我的设计','分类:main_bead 黑色系 文玩',6,NULL,NULL,NULL,NULL,NULL,NULL,'DIY设计订单',NULL,NULL,NULL,NULL,'2025-12-26 13:25:06','2025-12-26 13:56:00',0,NULL,NULL),(92,2,'DIY1766727140216',43.00,'张三','18888888888',NULL,'北京市','北京市','东城区','红星街','https://cloud.xiaotangstory.top/admin/common/image/diy_designs/diy_design/845426a07e0040f2831ac28bd8a3fe2a.jpg','给张三的礼物','分类:main_bead 黑色系 文玩',6,NULL,NULL,NULL,NULL,NULL,NULL,'DIY设计订单',NULL,NULL,NULL,NULL,'2025-12-26 13:32:20','2025-12-26 14:03:00',0,NULL,NULL),(93,2,'DIY1766727211882',36.00,'张三','18888888888',NULL,'北京市','北京市','东城区','红星街','https://cloud.xiaotangstory.top/admin/common/image/diy_designs/diy_design/c0dca0efbb3a406ea547dcd5ccfb41f9.jpg','我的设计','分类:main_bead 黑色系 文玩',6,NULL,NULL,NULL,NULL,NULL,NULL,'DIY设计订单',NULL,NULL,NULL,NULL,'2025-12-26 13:33:32','2025-12-26 14:04:00',0,NULL,NULL),(94,2,'DIY1766727360086',9.00,'张三','18888888888',NULL,'北京市','北京市','东城区','红星街','https://cloud.xiaotangstory.top/admin/common/image/diy_designs/diy_design/7d1925de40434680873998004d94afc5.jpg','我的设计','分类:main_bead 黑色系 文玩',6,NULL,NULL,NULL,NULL,NULL,NULL,'DIY设计订单',NULL,NULL,NULL,NULL,'2025-12-26 13:36:00','2025-12-26 14:06:00',0,NULL,NULL),(95,2,'DIY1766727491100',49.00,'张三','18888888888',NULL,'北京市','北京市','东城区','红星街','https://cloud.xiaotangstory.top/admin/common/image/diy_designs/diy_design/51a3e63777194460a187ba205768134b.jpg','我的设计','分类:main_bead 黑色系 文玩',6,NULL,NULL,NULL,NULL,NULL,NULL,'DIY设计订单',NULL,NULL,NULL,NULL,'2025-12-26 13:38:11','2025-12-26 14:09:00',0,NULL,NULL),(96,2,'DIY1766727518995',49.00,'张三','18888888888',NULL,'北京市','北京市','东城区','红星街','https://cloud.xiaotangstory.top/admin/common/image/diy_designs/diy_design/47884bd5f5cf4583a8914612a1ea3712.jpg','我的设计','分类:main_bead 黑色系 文玩',6,NULL,NULL,NULL,NULL,NULL,NULL,'DIY设计订单',NULL,NULL,NULL,NULL,'2025-12-26 13:38:39','2025-12-26 14:09:00',0,NULL,NULL),(97,2,'DIY1766727702337',75.00,'张三','18888888888',NULL,'北京市','北京市','东城区','红星街','https://cloud.xiaotangstory.top/admin/common/image/diy_designs/diy_design/08cd0526f047492bb007f683b2e25a1c.jpg','我的设计','分类:main_bead 黑色系 文玩',6,NULL,NULL,NULL,NULL,NULL,NULL,'DIY设计订单',NULL,NULL,NULL,NULL,'2025-12-26 13:41:42','2025-12-26 14:12:00',0,NULL,NULL),(98,2,'DIY1766727866466',189.00,'张三','18888888888',NULL,'北京市','北京市','东城区','红星街','https://cloud.xiaotangstory.top/admin/common/image/diy_designs/diy_design/487c169d89a04405a48acdfe6a63952a.jpg','我的设计','分类:main_bead 黑色系 文玩',6,NULL,NULL,NULL,NULL,NULL,NULL,'DIY设计订单',NULL,NULL,NULL,NULL,'2025-12-26 13:44:26','2025-12-26 14:15:00',0,NULL,NULL),(99,2,'DIY1766728224688',18.00,'张三','18888888888',NULL,'北京市','北京市','东城区','红星街','https://cloud.xiaotangstory.top/admin/common/image/diy_designs/diy_design/c5b57a9d80a44e129297e2f969f01443.jpg','我的设计','分类:main_bead 黑色系 文玩',6,NULL,NULL,NULL,NULL,NULL,NULL,'DIY设计订单',NULL,NULL,NULL,NULL,'2025-12-26 13:50:25','2025-12-26 14:21:00',0,NULL,NULL),(100,2,'DIY1766728321746',18.00,'张三','18888888888',NULL,'北京市','北京市','东城区','红星街','https://cloud.xiaotangstory.top/admin/common/image/diy_designs/diy_design/7da53fa4a8514d4989a142fae1d0ec0b.jpg','我的设计','分类:main_bead 黑色系 文玩',6,NULL,NULL,NULL,NULL,NULL,NULL,'DIY设计订单',NULL,NULL,NULL,NULL,'2025-12-26 13:52:02','2025-12-26 14:23:00',0,NULL,NULL),(101,2,'DIY1766728403834',18.00,'张三','18888888888',NULL,'北京市','北京市','东城区','红星街','https://cloud.xiaotangstory.top/admin/common/image/diy_designs/diy_design/f9bbfdadd3ef492ab7292173c5b54c6f.jpg','我的设计','分类:main_bead 黑色系 文玩',6,NULL,NULL,NULL,NULL,NULL,NULL,'DIY设计订单',NULL,NULL,NULL,NULL,'2025-12-26 13:53:24','2025-12-26 14:24:00',0,NULL,NULL),(102,2,'DIY1766728952611',51.00,'张三','18888888888',NULL,'北京市','北京市','东城区','红星街','https://cloud.xiaotangstory.top/admin/common/image/diy_designs/diy_design/9641f0ae2b494d0283c0d2e3bf594ea5.jpg','我的设计','分类:main_bead 黑色系 文玩',6,NULL,NULL,NULL,NULL,NULL,NULL,'DIY设计订单',NULL,NULL,NULL,NULL,'2025-12-26 14:02:33','2025-12-26 14:33:00',0,NULL,NULL),(103,2,'DIY1766729222867',15.00,'张三','18888888888',NULL,'北京市','北京市','东城区','红星街','https://cloud.xiaotangstory.top/admin/common/image/diy_designs/diy_design/442efbbf487a4772953c7a98ec9b9ae7.jpg','我的设计','分类:main_bead 黑色系 文玩',6,NULL,NULL,NULL,NULL,NULL,NULL,'DIY设计订单',NULL,NULL,NULL,NULL,'2025-12-26 14:07:03','2025-12-26 14:38:00',0,NULL,NULL),(104,2,'DIY1766737790218',39.00,'张三','18888888888',NULL,'北京市','北京市','东城区','红星街','https://cloud.xiaotangstory.top/admin/common/image/diy_designs/diy_design/777f578c843545c8bb8b4eb6b3f834d9.jpg','我的设计','分类:main_bead 黑色系 文玩',4,NULL,NULL,NULL,39.00,'2025-12-26 18:05:48',NULL,'DIY设计订单',NULL,NULL,NULL,NULL,'2025-12-26 16:29:50','2025-12-26 18:05:48',0,NULL,NULL),(105,13,'ORD1766738383482',268.00,NULL,NULL,NULL,NULL,NULL,NULL,NULL,NULL,NULL,NULL,1,NULL,NULL,NULL,NULL,NULL,NULL,NULL,NULL,NULL,NULL,NULL,'2025-12-26 16:39:43',NULL,0,NULL,NULL),(106,13,'ORD1766738530173',268.00,NULL,NULL,NULL,NULL,NULL,NULL,NULL,NULL,NULL,NULL,6,NULL,NULL,NULL,NULL,NULL,NULL,NULL,NULL,NULL,NULL,NULL,'2025-12-26 16:42:10','2025-12-26 17:13:00',0,NULL,NULL),(107,2,'ORD1766738602735',199.00,NULL,NULL,NULL,NULL,NULL,NULL,NULL,NULL,NULL,NULL,6,NULL,NULL,NULL,NULL,NULL,NULL,NULL,NULL,NULL,NULL,NULL,'2025-12-26 16:43:23','2025-12-26 16:44:03',0,NULL,NULL),(108,2,'ORD1766738651415',199.00,NULL,NULL,NULL,NULL,NULL,NULL,NULL,NULL,NULL,NULL,6,NULL,NULL,NULL,NULL,NULL,NULL,NULL,NULL,NULL,NULL,NULL,'2025-12-26 16:44:11','2025-12-26 16:44:35',0,NULL,NULL),(109,2,'ORD1766738718563',268.00,NULL,NULL,NULL,NULL,NULL,NULL,NULL,NULL,NULL,NULL,6,NULL,NULL,NULL,NULL,NULL,NULL,NULL,NULL,NULL,NULL,NULL,'2025-12-26 16:45:19','2025-12-26 17:16:00',0,NULL,NULL),(110,2,'ORD1766738780045',268.00,NULL,NULL,NULL,NULL,NULL,NULL,NULL,NULL,NULL,NULL,6,NULL,NULL,NULL,NULL,NULL,NULL,'直接购买订单',NULL,NULL,NULL,NULL,'2025-12-26 16:46:20','2025-12-26 17:17:00',0,NULL,NULL),(111,2,'DIY1766738834470',21.00,'张三','18888888888',NULL,'北京市','北京市','东城区','红星街','https://cloud.xiaotangstory.top/admin/common/image/diy_designs/diy_design/dec49ca28caf461c97522631ba960c0b.jpg','我的设计','分类:main_bead 黑色系 文玩',6,NULL,NULL,NULL,NULL,NULL,NULL,'DIY设计订单',NULL,NULL,NULL,NULL,'2025-12-26 16:47:14','2025-12-26 17:18:00',0,NULL,NULL),(112,2,'DIY1766738928125',21.00,'张三','18888888888',NULL,'北京市','北京市','东城区','红星街','/admin/common/image/diy_designs/diy_design/5ed74d26bc87496cb00527673a1055f5.jpg',NULL,'最上面的为第一颗珠子：baby蓝海蓝宝（6mm），顺时针第二颗：baby蓝海蓝宝（6mm），顺时针第三颗：baby蓝海蓝宝（6mm），顺时针第四颗：baby蓝海蓝宝（6mm），顺时针第五颗：baby蓝海蓝宝（6mm），顺时针第六颗：baby蓝海蓝宝（6mm），顺时针第七颗：baby蓝海蓝宝（6mm）',6,NULL,NULL,NULL,NULL,NULL,NULL,'DIY设计订单',NULL,NULL,NULL,NULL,'2025-12-26 16:48:48','2025-12-26 17:19:00',0,NULL,NULL),(113,2,'DIY1766739277765',15.00,'张三','18888888888',NULL,'北京市','北京市','东城区','红星街','https://cloud.xiaotangstory.top/admin/common/image/diy_designs/diy_design/f0eeb7f9c4084d29a0f94d42e85aa067.jpg','我的设计','分类:main_bead 黑色系 文玩',6,NULL,NULL,NULL,NULL,NULL,NULL,'DIY设计订单',NULL,NULL,NULL,NULL,'2025-12-26 16:54:38','2025-12-26 17:19:05',0,NULL,NULL),(114,13,'DIY1766739449714',33.00,'张三','18888888888',NULL,'四川省','宜宾市','翠屏区','大学路','/admin/common/image/diy_designs/diy_design/bda8b1cd4ff54eed94580bb8b0098848.jpg',NULL,'最上面的为第一颗珠子：baby蓝海蓝宝（6mm），顺时针第二颗：baby蓝海蓝宝（6mm），顺时针第三颗：baby蓝海蓝宝（6mm），顺时针第四颗：baby蓝海蓝宝（6mm），顺时针第五颗：baby蓝海蓝宝（6mm），顺时针第六颗：baby蓝海蓝宝（6mm），顺时针第七颗：baby蓝海蓝宝（6mm），顺时针第八颗：baby蓝海蓝宝（6mm），顺时针第九颗：baby蓝海蓝宝（6mm），顺时针第十颗：baby蓝海蓝宝（6mm），顺时针第十一颗：baby蓝海蓝宝（6mm）',6,NULL,NULL,NULL,NULL,NULL,NULL,'DIY设计订单',NULL,NULL,NULL,NULL,'2025-12-26 16:57:30','2025-12-26 17:28:00',0,NULL,NULL),(115,2,'DIY1766739950229',21.00,'张三','18888888888',NULL,'北京市','北京市','东城区','红星街','https://cloud.xiaotangstory.top/admin/common/image/diy_designs/diy_design/60752eedfa6049178005038f5dc97e43.jpg','张三礼物','分类:main_bead 黑色系 文玩',6,NULL,NULL,NULL,NULL,NULL,NULL,'16cm',NULL,NULL,NULL,NULL,'2025-12-26 17:05:50','2025-12-26 17:19:00',0,NULL,NULL),(116,2,'DIY1766739965895',21.00,'张三','18888888888',NULL,'北京市','北京市','东城区','红星街','https://cloud.xiaotangstory.top/admin/common/image/diy_designs/diy_design/c677c096252e431b83126861999da505.jpg','我的设计','分类:main_bead 黑色系 文玩',6,NULL,NULL,NULL,NULL,NULL,NULL,'DIY设计订单',NULL,NULL,NULL,NULL,'2025-12-26 17:06:06','2025-12-26 17:18:55',0,NULL,NULL),(117,2,'DIY1766739982670',21.00,'张三','18888888888',NULL,'北京市','北京市','东城区','红星街','https://cloud.xiaotangstory.top/admin/common/image/diy_designs/diy_design/051b35d68d5f45e99ed7134aab7eeaaf.jpg','我的设计','分类:main_bead 黑色系 文玩',6,NULL,NULL,NULL,NULL,NULL,NULL,'DIY设计订单',NULL,NULL,NULL,NULL,'2025-12-26 17:06:23','2025-12-26 17:18:51',0,NULL,NULL),(118,2,'DIY1766740129969',12.00,'张三','18888888888',NULL,'北京市','北京市','东城区','红星街','https://cloud.xiaotangstory.top/admin/common/image/diy_designs/diy_design/9c55bae467964cb2a080be2eeda15b8e.jpg','我的设计','分类:main_bead 黑色系 文玩',6,NULL,NULL,NULL,NULL,NULL,NULL,'DIY设计订单',NULL,NULL,NULL,NULL,'2025-12-26 17:08:50','2025-12-26 17:18:46',0,NULL,NULL),(119,2,'DIY1766740208548',12.00,'张三','18888888888',NULL,'北京市','北京市','东城区','红星街','https://cloud.xiaotangstory.top/admin/common/image/diy_designs/diy_design/bc2864bf51b34315b1c98a6a97ad45b8.jpg','我的设计','分类:main_bead 黑色系 文玩',6,NULL,NULL,NULL,NULL,NULL,NULL,'DIY设计订单',NULL,NULL,NULL,NULL,'2025-12-26 17:10:09','2025-12-26 17:18:41',0,NULL,NULL),(120,2,'DIY1766740388284',21.00,'张三','18888888888',NULL,'北京市','北京市','东城区','红星街','https://cloud.xiaotangstory.top/admin/common/image/diy_designs/diy_design/4dfa71f499504121a85d626a37034539.jpg','我的设计','分类:main_bead 黑色系 文玩',4,NULL,NULL,NULL,21.00,'2025-12-26 18:06:19',NULL,'DIY设计订单',NULL,NULL,NULL,NULL,'2025-12-26 17:13:08','2025-12-26 18:06:19',0,NULL,NULL),(121,2,'DIY1766740821644',9.00,'张三','18888888888',NULL,'北京市','北京市','东城区','红星街','https://cloud.xiaotangstory.top/admin/common/image/diy_designs/diy_design/18823dfd0e2d4328b6047741bf76617a.jpg','我的设计','分类:main_bead 黑色系 文玩',6,NULL,NULL,NULL,NULL,NULL,NULL,'DIY设计订单',NULL,NULL,NULL,NULL,'2025-12-26 17:20:22','2025-12-26 17:51:00',0,NULL,NULL),(122,2,'ORD1766742994975',268.00,NULL,NULL,NULL,NULL,NULL,NULL,NULL,NULL,NULL,NULL,6,NULL,NULL,NULL,NULL,NULL,NULL,NULL,NULL,NULL,NULL,NULL,'2025-12-26 17:56:35','2025-12-26 18:27:00',0,NULL,NULL),(123,3,'DIY1766743755553',6.00,'11','15681778337',NULL,'四川省','宜宾市','翠屏区','成都理工','/admin/common/image/diy_designs/diy_design/99b481269b784aa48a60795f6f505f6f.jpg',NULL,'最上面的为第一颗珠子：baby蓝海蓝宝（6mm），顺时针第二颗：baby蓝海蓝宝（6mm）',6,NULL,NULL,NULL,NULL,NULL,NULL,'DIY设计订单',NULL,NULL,NULL,NULL,'2025-12-26 18:09:16','2025-12-26 18:40:00',0,NULL,NULL),(124,2,'DIY1766753610757',18.00,'张三','18888888888',NULL,'北京市','北京市','东城区','红星街','https://cloud.xiaotangstory.top/admin/common/image/diy_designs/diy_design/e7fbfe4d50394fb2921e1f6194c29302.jpg','516232','分类:main_bead',6,NULL,NULL,NULL,NULL,NULL,NULL,'手链尺寸: 16cm',NULL,NULL,NULL,NULL,'2025-12-26 20:53:31','2025-12-26 21:24:00',0,NULL,NULL),(125,39,'DIY1766759797862',107.00,'张芷萱','18571047385',NULL,'湖北省','宜昌市','西陵区','港窑路运河佳苑','/admin/common/image/diy_designs/diy_design/4d38d616c5e84952b8a8baad70c0e4b8.jpg','深穹星漪','最上面的为第一颗珠子：蓝玛瑙（6mm），顺时针第二颗：强光灰月光（6mm），顺时针第三颗：圣玛利亚蓝海蓝宝（6mm），顺时针第四颗：baby蓝海蓝宝（6mm），顺时针第五颗：baby蓝海蓝宝（6mm），顺时针第六颗：baby蓝海蓝宝（6mm），顺时针第七颗：baby蓝海蓝宝（6mm），顺时针第八颗：baby蓝海蓝宝（6mm），顺时针第九颗：锆石蝴蝶结（15mm），顺时针第十颗：baby蓝海蓝宝（6mm），顺时针第十一颗：baby蓝海蓝宝（6mm），顺时针第十二颗：baby蓝海蓝宝（6mm），顺时针第十三颗：圣玛利亚蓝海蓝宝（6mm），顺时针第十四颗：奶油体蓝月光（6mm），顺时针第十五颗：奶油体蓝月光（6mm），顺时针第十六颗：银色锆石（3.3mm），顺时针第十七颗：奶油体蓝月光（6mm），顺时针第十八颗：灰月光（6mm），顺时针第十九颗：白月光（6mm），顺时针第二十颗：六芒星锆石（6mm）',1,'2025-12-26 22:37:23','4200002959202512267716296362',NULL,NULL,NULL,NULL,'DIY设计订单',NULL,NULL,NULL,NULL,'2025-12-26 22:36:38','2025-12-26 22:37:23',0,NULL,NULL),(126,2,'ORD1766760110438',199.00,NULL,NULL,NULL,NULL,NULL,NULL,NULL,NULL,NULL,NULL,6,NULL,NULL,NULL,NULL,NULL,NULL,'直接购买订单',NULL,NULL,NULL,NULL,'2025-12-26 22:41:50','2025-12-26 23:12:00',0,NULL,NULL),(127,2,'ORD1766760641144',268.00,NULL,NULL,NULL,NULL,NULL,NULL,NULL,NULL,NULL,NULL,6,NULL,NULL,NULL,NULL,NULL,NULL,'直接购买订单',NULL,NULL,NULL,NULL,'2025-12-26 22:50:41','2025-12-26 23:15:48',0,NULL,NULL),(128,2,'ORD1766761044652',268.00,NULL,NULL,NULL,NULL,NULL,NULL,NULL,NULL,NULL,NULL,6,NULL,NULL,NULL,NULL,NULL,NULL,'直接购买订单',NULL,NULL,NULL,NULL,'2025-12-26 22:57:25','2025-12-26 23:15:42',0,NULL,NULL),(129,2,'DIY1766761422138',21.00,'张三','18888888888',NULL,'北京市','北京市','东城区','红星街','https://cloud.xiaotangstory.top/admin/common/image/diy_designs/diy_design/f2053b1e68c04daebb7c78707a7bab70.jpg','给张撒旦','分类:main_bead',6,NULL,NULL,NULL,NULL,NULL,NULL,'手链尺寸: 16cm',NULL,NULL,NULL,NULL,'2025-12-26 23:03:42','2025-12-26 23:15:36',0,NULL,NULL),(130,2,'DIY1766761573957',409.00,'张三','18888888888',NULL,'北京市','北京市','东城区','红星街','https://cloud.xiaotangstory.top/admin/common/image/diy_designs/diy_design/1a0716fb87dd4702b0ab820d426f8590.jpg','这些需求为测温','分类:accessory',6,NULL,NULL,NULL,NULL,NULL,NULL,'手链尺寸: 16cm',NULL,NULL,NULL,NULL,'2025-12-26 23:06:14','2025-12-26 23:14:33',0,NULL,NULL),(131,3,'ORD1766762049256',268.00,NULL,NULL,NULL,NULL,NULL,NULL,NULL,'/admin/common/image/others/462a8293-06da-49d2-ac54-c1a25d3179cd.jpg',NULL,NULL,6,NULL,NULL,NULL,NULL,NULL,NULL,NULL,NULL,NULL,NULL,NULL,'2025-12-26 23:14:09','2025-12-26 23:23:44',0,NULL,NULL),(132,2,'DIY1766762109400',90.00,'张三','18888888888',NULL,'北京市','北京市','东城区','红星街','https://cloud.xiaotangstory.top/admin/common/image/diy_designs/diy_design/2fccdffeebd14eac98f160a9765cb16e.jpg','占山','分类:accessory',6,NULL,NULL,NULL,NULL,NULL,NULL,'手链尺寸: 16cm',NULL,NULL,NULL,NULL,'2025-12-26 23:15:09','2025-12-26 23:15:30',0,NULL,NULL),(133,2,'DIY1766762240019',90.00,'张三','18888888888',NULL,'北京市','北京市','东城区','红星街','https://cloud.xiaotangstory.top/admin/common/image/diy_designs/diy_design/bdc7e4003c93457db82a24bd66ae6ba5.jpg','协商达成','分类:accessory',6,NULL,NULL,NULL,NULL,NULL,NULL,'手链尺寸: 16cm',NULL,NULL,NULL,NULL,'2025-12-26 23:17:20','2025-12-26 23:48:00',0,NULL,NULL),(134,2,'DIY1766762427535',15.00,'张三','18888888888',NULL,'北京市','北京市','东城区','红星街','https://cloud.xiaotangstory.top/admin/common/image/diy_designs/diy_design/ffa5412214c5418f9ac9aefd94874716.jpg','张三','分类:main_bead',6,NULL,NULL,NULL,NULL,NULL,NULL,'手链尺寸: 16cm',NULL,NULL,NULL,NULL,'2025-12-26 23:20:28','2025-12-26 23:51:00',0,NULL,NULL),(135,3,'ORD1766762630773',268.00,NULL,NULL,NULL,NULL,NULL,NULL,NULL,'https://cloud.xiaotangstory.top/admin/common/image/others/462a8293-06da-49d2-ac54-c1a25d3179cd.jpg',NULL,NULL,6,NULL,NULL,NULL,NULL,NULL,NULL,NULL,NULL,NULL,NULL,NULL,'2025-12-26 23:23:51','2025-12-26 23:54:00',0,NULL,NULL),(136,2,'DIY1766762806539',18.00,'张三','18888888888',NULL,'北京市','北京市','东城区','红星街','https://cloud.xiaotangstory.top/admin/common/image/diy_designs/diy_design/688066ccb1cf430a9109ee008130a8d3.jpg','给张三的礼物','顺时针从顶部到最后一颗描述为：第1颗：baby蓝海蓝宝(6mm)，第2颗：baby蓝海蓝宝(6mm)，第3颗：baby蓝海蓝宝(6mm)，第4颗：baby蓝海蓝宝(6mm)，第5颗：baby蓝海蓝宝(6mm)，第6颗：baby蓝海蓝宝(6mm)',3,NULL,NULL,NULL,NULL,NULL,NULL,'手链尺寸: 16cm',NULL,'2025-12-26 23:55:47','SF5626143652132',NULL,'2025-12-26 23:26:47',NULL,0,NULL,NULL),(137,3,'ORD1766764648922',268.00,NULL,NULL,NULL,NULL,NULL,NULL,NULL,'/admin/common/image/others/462a8293-06da-49d2-ac54-c1a25d3179cd.jpg',NULL,NULL,6,NULL,NULL,NULL,NULL,NULL,NULL,NULL,NULL,NULL,NULL,NULL,'2025-12-26 23:57:29','2025-12-27 00:28:00',0,NULL,NULL),(138,2,'ORD1766765752049',169.00,NULL,NULL,NULL,NULL,NULL,NULL,NULL,'/admin/common/image/others/c6ec4007-5344-47d6-b4cf-54237b0425f1.jpg',NULL,NULL,6,NULL,NULL,NULL,NULL,NULL,NULL,'直接购买订单',NULL,NULL,NULL,NULL,'2025-12-27 00:15:52','2025-12-27 00:46:00',0,NULL,NULL),(139,2,'DIY1766768323527',123.00,'张三','18888888888',NULL,'北京市','北京市','东城区','红星街','https://cloud.xiaotangstory.top/admin/common/image/diy_designs/diy_design/e8830179c9a44a91988d4fb00194fcbe.jpg','给张三的礼物','顺时针从顶部到最后一颗描述为：第1颗：baby蓝海蓝宝(6mm)，第2颗：baby蓝海蓝宝(6mm)，第3颗：baby蓝海蓝宝(6mm)，第4颗：baby蓝海蓝宝(6mm)，第5颗：baby蓝海蓝宝(6mm)，第6颗：baby蓝海蓝宝(6mm)，第7颗：baby蓝海蓝宝(6mm)，第8颗：baby蓝海蓝宝(6mm)，第9颗：baby蓝海蓝宝(6mm)，第10颗：baby蓝海蓝宝(6mm)，第11颗：baby蓝海蓝宝(6mm)，第12颗：baby蓝海蓝宝(6mm)，第13颗：baby蓝海蓝宝(6mm)，第14颗：baby蓝海蓝宝(6mm)，第15颗：baby蓝海蓝宝(6mm)，第16颗：baby蓝海蓝宝(6mm)，第17颗：baby蓝海蓝宝(6mm)，第18颗：baby蓝海蓝宝(6mm)，第19颗：baby蓝海蓝宝(6mm)，第20颗：baby蓝海蓝宝(6mm)，第21颗：baby蓝海蓝宝(6mm)，第22颗：baby蓝海蓝宝(6mm)，第23颗：baby蓝海蓝宝(6mm)，第24颗：baby蓝海蓝宝(6mm)，第25颗：baby蓝海蓝宝(6mm)，第26颗：baby蓝海蓝宝(6mm)，第27颗：baby蓝海蓝宝(6mm)，第28颗：baby蓝海蓝宝(6mm)，第29颗：baby蓝海蓝宝(6mm)，第30颗：baby蓝海蓝宝(6mm)，第31颗：baby蓝海蓝宝(6mm)，第32颗：baby蓝海蓝宝(6mm)，第33颗：baby蓝海蓝宝(6mm)，第34颗：baby蓝海蓝宝(6mm)，第35颗：baby蓝海蓝宝(6mm)，第36颗：baby蓝海蓝宝(6mm)，第37颗：baby蓝海蓝宝(6mm)，第38颗：baby蓝海蓝宝(6mm)，第39颗：baby蓝海蓝宝(6mm)，第40颗：baby蓝海蓝宝(6mm)，第41颗：baby蓝海蓝宝(6mm)',6,NULL,NULL,NULL,NULL,NULL,NULL,'手链尺寸: 22cm',NULL,NULL,NULL,NULL,'2025-12-27 00:58:44','2025-12-27 01:29:00',0,NULL,NULL),(140,2,'ORD1766814359564',268.00,NULL,NULL,NULL,NULL,NULL,NULL,NULL,'/admin/common/image/others/462a8293-06da-49d2-ac54-c1a25d3179cd.jpg',NULL,NULL,6,NULL,NULL,NULL,NULL,NULL,NULL,'直接购买订单',NULL,NULL,NULL,NULL,'2025-12-27 13:46:00','2025-12-27 14:16:00',0,NULL,NULL),(141,2,'ORD1766815100524',268.00,NULL,NULL,NULL,NULL,NULL,NULL,NULL,'/admin/common/image/others/462a8293-06da-49d2-ac54-c1a25d3179cd.jpg',NULL,NULL,6,NULL,NULL,NULL,NULL,NULL,NULL,'直接购买订单',NULL,NULL,NULL,NULL,'2025-12-27 13:58:21','2025-12-27 14:29:00',0,NULL,NULL),(142,2,'ORD1766815585046',268.00,NULL,NULL,NULL,NULL,NULL,NULL,NULL,'/admin/common/image/others/462a8293-06da-49d2-ac54-c1a25d3179cd.jpg',NULL,NULL,6,NULL,NULL,NULL,NULL,NULL,NULL,'直接购买订单',NULL,NULL,NULL,NULL,'2025-12-27 14:06:25','2025-12-27 14:37:00',0,NULL,NULL),(143,2,'DIY1766815883705',24.00,'张三','18888888888',NULL,'北京市','北京市','东城区','红星街','https://cloud.xiaotangstory.top/admin/common/image/diy_designs/diy_design/398aa9b6ecc54281b3a079409a5b49dc.jpg','我的设计','顺时针从顶部到最后一颗描述为：第1颗：baby蓝海蓝宝(8mm)，第2颗：baby蓝海蓝宝(8mm)，第3颗：baby蓝海蓝宝(8mm)，第4颗：baby蓝海蓝宝(8mm)',6,NULL,NULL,NULL,NULL,NULL,NULL,'手链尺寸: 13cm',NULL,NULL,NULL,NULL,'2025-12-27 14:11:24','2025-12-27 14:42:00',0,NULL,NULL),(144,2,'ORD1766815919189',268.00,NULL,NULL,NULL,NULL,NULL,NULL,NULL,'/admin/common/image/others/462a8293-06da-49d2-ac54-c1a25d3179cd.jpg',NULL,NULL,6,NULL,NULL,NULL,NULL,NULL,NULL,'直接购买订单',NULL,NULL,NULL,NULL,'2025-12-27 14:11:59','2025-12-27 14:17:35',0,NULL,NULL),(145,2,'ORD1766816001609',268.00,NULL,NULL,NULL,NULL,NULL,NULL,NULL,'/admin/common/image/others/462a8293-06da-49d2-ac54-c1a25d3179cd.jpg',NULL,NULL,6,NULL,NULL,NULL,NULL,NULL,NULL,NULL,NULL,NULL,NULL,NULL,'2025-12-27 14:13:22','2025-12-27 14:17:31',0,NULL,NULL),(146,2,'ORD1766816029111',169.00,NULL,NULL,NULL,NULL,NULL,NULL,NULL,'/admin/common/image/others/c6ec4007-5344-47d6-b4cf-54237b0425f1.jpg',NULL,NULL,6,NULL,NULL,NULL,NULL,NULL,NULL,NULL,NULL,NULL,NULL,NULL,'2025-12-27 14:13:49','2025-12-27 14:17:28',0,NULL,NULL),(147,2,'DIY1766816904990',12.00,'张三','18888888888',NULL,'北京市','北京市','东城区','红星街','https://cloud.xiaotangstory.top/admin/common/image/diy_designs/diy_design/5895279b56df44f58a8c4b17b2ab9f24.jpg','给张三的礼物','顺时针从顶部到最后一颗描述为：第1颗：baby蓝海蓝宝(6mm)，第2颗：baby蓝海蓝宝(6mm)，第3颗：baby蓝海蓝宝(6mm)，第4颗：baby蓝海蓝宝(6mm)',6,NULL,NULL,NULL,NULL,NULL,NULL,'手链尺寸: 13cm',NULL,NULL,NULL,NULL,'2025-12-27 14:28:25','2025-12-27 14:59:00',0,NULL,NULL),(148,2,'ORD1766817523087',467.00,NULL,NULL,NULL,NULL,NULL,NULL,NULL,'/admin/common/image/others/bd5599c7-0ba1-47f2-81f0-2c575abe4d8e.jpg',NULL,NULL,6,NULL,NULL,NULL,NULL,NULL,NULL,'直接购买订单',NULL,NULL,NULL,NULL,'2025-12-27 14:38:43','2025-12-27 14:39:03',0,NULL,NULL),(149,2,'ORD1766817828583',268.00,NULL,NULL,NULL,NULL,NULL,NULL,NULL,'/admin/common/image/others/462a8293-06da-49d2-ac54-c1a25d3179cd.jpg',NULL,NULL,6,NULL,NULL,NULL,NULL,NULL,NULL,'直接购买订单',NULL,NULL,NULL,NULL,'2025-12-27 14:43:49','2025-12-27 14:44:44',0,NULL,NULL),(150,2,'ORD1766818181590',268.00,NULL,NULL,NULL,NULL,NULL,NULL,NULL,'/admin/common/image/others/462a8293-06da-49d2-ac54-c1a25d3179cd.jpg',NULL,NULL,6,NULL,NULL,NULL,NULL,NULL,NULL,'直接购买订单',NULL,NULL,NULL,NULL,'2025-12-27 14:49:42','2025-12-27 15:20:00',0,NULL,NULL),(151,2,'ORD1766818204515',199.00,NULL,NULL,NULL,NULL,NULL,NULL,NULL,'/admin/common/image/others/bd5599c7-0ba1-47f2-81f0-2c575abe4d8e.jpg',NULL,NULL,6,NULL,NULL,NULL,NULL,NULL,NULL,'直接购买订单',NULL,NULL,NULL,NULL,'2025-12-27 14:50:05','2025-12-27 15:21:00',0,NULL,NULL),(152,2,'DIY1766818560742',44.00,'张三','18888888888',NULL,'北京市','北京市','东城区','红星街','https://cloud.xiaotangstory.top/admin/common/image/diy_designs/diy_design/0e648c2cbac440199f56b54b040a384d.jpg','我的设计','顺时针从顶部到最后一颗描述为：第1颗：baby蓝海蓝宝(10mm)，第2颗：baby蓝海蓝宝(10mm)，第3颗：baby蓝海蓝宝(10mm)，第4颗：baby蓝海蓝宝(10mm)',6,NULL,NULL,NULL,NULL,NULL,NULL,'手链尺寸: 13cm',NULL,NULL,NULL,NULL,'2025-12-27 14:56:01','2025-12-27 15:27:00',0,NULL,NULL),(153,3,'ORD1766819088639',268.00,'11','15681778337',NULL,'四川省','宜宾市','翠屏区','成都理工','/admin/common/image/others/462a8293-06da-49d2-ac54-c1a25d3179cd.jpg',NULL,NULL,6,NULL,NULL,NULL,NULL,NULL,NULL,'直接购买订单',NULL,NULL,NULL,NULL,'2025-12-27 15:04:49','2025-12-27 15:05:26',0,NULL,NULL),(154,2,'DIY1766823574318',24.00,'张三','18888888888',NULL,'北京市','北京市','东城区','红星街','https://cloud.xiaotangstory.top/admin/common/image/diy_designs/diy_design/145cb9c27bee4a2bb262b30cadb60d8f.jpg','我的设计','顺时针从顶部到最后一颗描述为：第1颗：baby蓝海蓝宝(6mm)，第2颗：baby蓝海蓝宝(6mm)，第3颗：baby蓝海蓝宝(6mm)，第4颗：baby蓝海蓝宝(6mm)，第5颗：baby蓝海蓝宝(6mm)，第6颗：baby蓝海蓝宝(6mm)，第7颗：baby蓝海蓝宝(6mm)，第8颗：baby蓝海蓝宝(6mm)',6,NULL,NULL,NULL,NULL,NULL,NULL,'手链尺寸: 21cm',NULL,NULL,NULL,NULL,'2025-12-27 16:19:34','2025-12-27 16:19:51',0,NULL,NULL),(155,2,'ORD1766823781106',268.00,'张三','18888888888',NULL,'北京市','北京市','东城区','红星街','/admin/common/image/others/462a8293-06da-49d2-ac54-c1a25d3179cd.jpg',NULL,NULL,6,NULL,NULL,NULL,NULL,NULL,NULL,'直接购买订单',NULL,NULL,NULL,NULL,'2025-12-27 16:23:01','2025-12-27 16:54:00',0,NULL,NULL),(156,52,'DIY1766824510871',0.00,'陈改','17730424381',NULL,'安徽省','宿州市','砀山县','砀城镇星海城悦府5栋','/admin/common/image/diy_designs/diy_design/607f0ee601034245b5c05f5f4e8d717a.jpg','粉','最上面的为第一颗珠子：粉月光（6mm），顺时针第二颗：粉月光（6mm），顺时针第三颗：粉月光（6mm），顺时针第四颗：粉月光（6mm），顺时针第五颗：粉月光（6mm），顺时针第六颗：粉月光（6mm），顺时针第七颗：粉月光（6mm），顺时针第八颗：粉月光（6mm），顺时针第九颗：粉月光（6mm），顺时针第十颗：粉月光（6mm），顺时针第十一颗：粉月光（6mm），顺时针第十二颗：粉月光（6mm），顺时针第十三颗：粉月光（6mm），顺时针第十四颗：粉月光（6mm），顺时针第十五颗：粉月光（6mm），顺时针第十六颗：粉月光（6mm），顺时针第十七颗：粉月光（6mm），顺时针第十八颗：粉月光（6mm），顺时针第十九颗：粉月光（6mm），顺时针第二十颗：粉月光（6mm），顺时针第二十一颗：粉月光（6mm），顺时针第二十二颗：粉月光（6mm），顺时针第二十三颗：粉月光（6mm），顺时针第二十四颗：粉月光（6mm），顺时针第二十五颗：粉月光（6mm），顺时针第二十六颗：粉月光（6mm），顺时针第二十七颗：粉月光（6mm），顺时针第二十八颗：粉月光（6mm），顺时针第二十九颗：粉月光（6mm），顺时针第三十颗：粉月光（6mm）',6,NULL,NULL,NULL,NULL,NULL,NULL,'DIY设计订单',NULL,NULL,NULL,NULL,'2025-12-27 16:35:11','2025-12-27 16:40:11',0,NULL,NULL),(157,52,'DIY1766824562051',6.00,'陈改','17730424381',NULL,'安徽省','宿州市','砀山县','砀城镇星海城悦府5栋','/admin/common/image/diy_designs/diy_design/255deef05a05459fb92f523193e99c60.jpg',NULL,'最上面的为第一颗珠子：粉月光（6mm），顺时针第二颗：粉月光（6mm），顺时针第三颗：粉月光（6mm），顺时针第四颗：粉月光（6mm），顺时针第五颗：粉月光（6mm），顺时针第六颗：粉月光（6mm），顺时针第七颗：粉月光（6mm），顺时针第八颗：粉月光（6mm），顺时针第九颗：粉月光（6mm），顺时针第十颗：粉月光（6mm），顺时针第十一颗：粉月光（6mm），顺时针第十二颗：粉月光（6mm），顺时针第十三颗：粉月光（6mm），顺时针第十四颗：粉月光（6mm），顺时针第十五颗：粉月光（6mm），顺时针第十六颗：粉月光（6mm），顺时针第十七颗：粉月光（6mm），顺时针第十八颗：粉月光（6mm），顺时针第十九颗：粉月光（6mm），顺时针第二十颗：粉月光（6mm），顺时针第二十一颗：粉月光（6mm），顺时针第二十二颗：粉月光（6mm），顺时针第二十三颗：粉月光（6mm），顺时针第二十四颗：粉月光（6mm），顺时针第二十五颗：粉月光（6mm），顺时针第二十六颗：粉月光（6mm），顺时针第二十七颗：粉月光（6mm），顺时针第二十八颗：baby蓝海蓝宝（6mm），顺时针第二十九颗：baby蓝海蓝宝（6mm），顺时针第三十颗：粉月光（6mm）',6,NULL,NULL,NULL,NULL,NULL,NULL,'DIY设计订单',NULL,NULL,NULL,NULL,'2025-12-27 16:36:02','2025-12-27 16:40:16',0,NULL,NULL),(158,52,'DIY1766824774399',3.00,'陈改','17730424381',NULL,'安徽省','宿州市','砀山县','砀城镇星海城悦府5栋','/admin/common/image/diy_designs/diy_design/4ef1ae6b94c043d9a50b7471903b2d87.jpg','粉蓝','最上面的为第一颗珠子：粉月光（6mm），顺时针第二颗：粉月光（6mm），顺时针第三颗：粉月光（6mm），顺时针第四颗：粉月光（6mm），顺时针第五颗：粉月光（6mm），顺时针第六颗：粉月光（6mm），顺时针第七颗：粉月光（6mm），顺时针第八颗：粉月光（6mm），顺时针第九颗：粉月光（6mm），顺时针第十颗：粉月光（6mm），顺时针第十一颗：粉月光（6mm），顺时针第十二颗：粉月光（6mm），顺时针第十三颗：粉月光（6mm），顺时针第十四颗：粉月光（6mm），顺时针第十五颗：粉月光（6mm），顺时针第十六颗：粉月光（6mm），顺时针第十七颗：粉月光（6mm），顺时针第十八颗：粉月光（6mm），顺时针第十九颗：粉月光（6mm），顺时针第二十颗：粉月光（6mm），顺时针第二十一颗：粉月光（6mm），顺时针第二十二颗：粉月光（6mm），顺时针第二十三颗：粉月光（6mm），顺时针第二十四颗：粉月光（6mm），顺时针第二十五颗：粉月光（6mm），顺时针第二十六颗：粉月光（6mm），顺时针第二十七颗：粉月光（6mm），顺时针第二十八颗：粉月光（6mm），顺时针第二十九颗：粉月光（6mm），顺时针第三十颗：baby蓝海蓝宝（6mm）',4,'2025-12-27 16:39:47','4200002964202512275655314211',NULL,3.00,'2025-12-27 16:43:16',NULL,'DIY设计订单',NULL,NULL,NULL,NULL,'2025-12-27 16:39:34','2025-12-27 16:43:16',0,NULL,NULL),(159,52,'DIY1766825109805',3.00,'陈改','17730424381',NULL,'安徽省','宿州市','砀山县','砀城镇星海城悦府5栋','/admin/common/image/diy_designs/diy_design/6a61882ec16545dbb01eb2692cea43ab.jpg','粉蓝','最上面的为第一颗珠子：baby蓝海蓝宝（6mm），顺时针第二颗：粉月光（6mm），顺时针第三颗：粉月光（6mm），顺时针第四颗：粉月光（6mm），顺时针第五颗：粉月光（6mm），顺时针第六颗：粉月光（6mm），顺时针第七颗：粉月光（6mm），顺时针第八颗：粉月光（6mm），顺时针第九颗：粉月光（6mm），顺时针第十颗：粉月光（6mm），顺时针第十一颗：粉月光（6mm），顺时针第十二颗：粉月光（6mm），顺时针第十三颗：粉月光（6mm），顺时针第十四颗：粉月光（6mm），顺时针第十五颗：粉月光（6mm），顺时针第十六颗：粉月光（6mm），顺时针第十七颗：粉月光（6mm），顺时针第十八颗：粉月光（6mm），顺时针第十九颗：粉月光（6mm），顺时针第二十颗：粉月光（6mm），顺时针第二十一颗：粉月光（6mm），顺时针第二十二颗：粉月光（6mm），顺时针第二十三颗：粉月光（6mm），顺时针第二十四颗：粉月光（6mm），顺时针第二十五颗：粉月光（6mm），顺时针第二十六颗：粉月光（6mm），顺时针第二十七颗：粉月光（6mm），顺时针第二十八颗：粉月光（6mm）',1,'2025-12-27 16:45:22','4200002956202512272058397033',NULL,NULL,NULL,NULL,'DIY设计订单',NULL,NULL,NULL,NULL,'2025-12-27 16:45:10','2025-12-27 16:45:22',0,NULL,NULL),(160,0,'OS1781070849729',0.03,'唐云龙','15681778337',NULL,'','123','','123 (), ',NULL,NULL,NULL,6,NULL,NULL,NULL,NULL,NULL,NULL,'手链尺寸: 16cm',NULL,NULL,NULL,NULL,'2026-06-10 13:54:10','2026-06-10 14:25:00',1,NULL,NULL),(161,0,'OS1781073097051',0.02,'唐云龙','15681778337',NULL,'','123','','123 (), ',NULL,NULL,NULL,6,NULL,NULL,NULL,NULL,NULL,NULL,'手链尺寸: 16cm',NULL,NULL,NULL,NULL,'2026-06-10 14:31:37','2026-06-10 15:02:00',1,'04L38929UU321444G',NULL),(162,0,'OS1781073549435',0.02,'唐云龙','15681778337',NULL,'','123','','123 (), ',NULL,NULL,NULL,6,NULL,NULL,NULL,NULL,NULL,NULL,'手链尺寸: 16cm',NULL,NULL,NULL,NULL,'2026-06-10 14:39:09','2026-06-10 15:10:00',1,'73S10204HS5380459',NULL),(163,0,'OS1781181435155',205.00,'唐云龙','15681778337','841723389@qq.com','台湾省','台北市','','碧桂园15栋5楼0503 (123456), 中国台湾',NULL,NULL,NULL,6,NULL,NULL,NULL,NULL,NULL,NULL,'Wrist size / 手链尺寸: 16cm',NULL,NULL,NULL,NULL,'2026-06-11 20:37:15','2026-07-14 23:06:01',1,'9X232631B88716618',NULL);
/*!40000 ALTER TABLE `order` ENABLE KEYS */;
UNLOCK TABLES;

--
-- Table structure for table `order_item`
--

DROP TABLE IF EXISTS `order_item`;
/*!40101 SET @saved_cs_client     = @@character_set_client */;
/*!50503 SET character_set_client = utf8mb4 */;
CREATE TABLE `order_item` (
  `id` bigint NOT NULL AUTO_INCREMENT COMMENT '明细ID',
  `order_id` bigint NOT NULL COMMENT '订单ID',
  `product_id` bigint NOT NULL COMMENT '商品ID',
  `title` varchar(100) DEFAULT NULL COMMENT '商品标题（下单时快照）',
  `price` decimal(10,2) DEFAULT NULL COMMENT '单价',
  `product_image` varchar(255) DEFAULT NULL COMMENT '商品图片URL',
  `quantity` int DEFAULT NULL COMMENT '数量',
  PRIMARY KEY (`id`)
) ENGINE=InnoDB AUTO_INCREMENT=250 DEFAULT CHARSET=utf8mb3 COMMENT='订单商品明细表';
/*!40101 SET character_set_client = @saved_cs_client */;

--
-- Dumping data for table `order_item`
--

LOCK TABLES `order_item` WRITE;
/*!40000 ALTER TABLE `order_item` DISABLE KEYS */;
INSERT INTO `order_item` VALUES (1,1,1,'彩色编织绳',12.50,NULL,2),(2,2,1,'彩色编织绳',12.50,NULL,2),(3,2,2,'定制手链成品',88.00,NULL,2),(4,20,1,'彩色编织绳1',12.50,'/admin/common/image/57eba3a4-247c-41c0-8e1c-9944c4f34115.png',1),(5,21,2,'定制手链成品',88.00,'/admin/common/image/bc5f5069-44fa-4604-a15a-9cf189e543ca.png',1),(6,22,1,'彩色编织绳1',12.50,'/admin/common/image/57eba3a4-247c-41c0-8e1c-9944c4f34115.png',11),(7,23,1,'白水晶',8.88,NULL,13),(8,24,1,'彩色编织绳1',12.50,'/admin/common/image/57eba3a4-247c-41c0-8e1c-9944c4f34115.png',1),(9,25,1,'彩色编织绳1',12.50,'/admin/common/image/57eba3a4-247c-41c0-8e1c-9944c4f34115.png',1),(10,26,2,'定制手链成品',88.00,'/admin/common/image/bc5f5069-44fa-4604-a15a-9cf189e543ca.png',1),(11,27,1,'彩色编织绳1',12.50,'/admin/common/image/57eba3a4-247c-41c0-8e1c-9944c4f34115.png',1),(12,28,1,'彩色编织绳1',12.50,'/admin/common/image/57eba3a4-247c-41c0-8e1c-9944c4f34115.png',1),(13,29,1,'彩色编织绳1',12.50,'/admin/common/image/57eba3a4-247c-41c0-8e1c-9944c4f34115.png',1),(14,30,1,'彩色编织绳1',12.50,'/admin/common/image/57eba3a4-247c-41c0-8e1c-9944c4f34115.png',1),(15,31,1,'彩色编织绳1',12.50,'/admin/common/image/57eba3a4-247c-41c0-8e1c-9944c4f34115.png',1),(16,32,2,'定制手链成品',88.00,'/admin/common/image/bc5f5069-44fa-4604-a15a-9cf189e543ca.png',1),(17,33,1,NULL,0.00,NULL,11),(18,33,4,NULL,0.00,NULL,4),(19,34,2,'定制手链成品',88.00,'/admin/common/image/bc5f5069-44fa-4604-a15a-9cf189e543ca.png',1),(20,35,2,'定制手链成品',88.00,'/admin/common/image/5bc58afe-6bba-4ff7-8a4e-d7ddb7fff898.jpg',2),(21,36,2,'定制手链成品',88.00,'/admin/common/image/5bc58afe-6bba-4ff7-8a4e-d7ddb7fff898.jpg',1),(22,37,7,'黄水晶',12.88,NULL,7),(23,38,1,'白水晶',8.88,NULL,1),(24,38,4,'红玛瑙',10.88,NULL,7),(25,39,54,'白幽灵',3.00,NULL,3),(26,39,53,'喜马拉雅',3.00,NULL,10),(27,39,52,'白阿塞',4.00,NULL,2),(28,39,50,'白水晶A',2.00,NULL,12),(29,39,51,'白水晶AA',5.00,NULL,1),(30,40,84,'红锂云母',8.00,NULL,7),(31,41,84,'红锂云母',8.00,NULL,7),(32,42,84,'红锂云母',8.00,NULL,4),(33,43,1,'彩色编织绳1',12.50,'/admin/common/image/7ef2c3e0-623f-4ab4-854f-bbd58c95ffb0.png',1),(34,43,2,'定制手链成品',88.00,'/admin/common/image/5bc58afe-6bba-4ff7-8a4e-d7ddb7fff898.jpg',1),(35,44,2,'定制手链成品',88.00,'/admin/common/image/5bc58afe-6bba-4ff7-8a4e-d7ddb7fff898.jpg',2),(36,45,84,'红锂云母',8.00,NULL,6),(37,46,2,'定制手链成品',88.00,'/admin/common/image/5bc58afe-6bba-4ff7-8a4e-d7ddb7fff898.jpg',1),(38,47,84,'红锂云母',8.00,NULL,13),(39,47,78,'高含量帝王砂',4.00,NULL,3),(40,47,77,'高含量红砂',4.00,NULL,1),(41,47,79,'高含量紫金砂',5.00,NULL,1),(42,47,76,'南红玛瑙',4.00,NULL,1),(43,47,75,'红玛瑙',4.00,NULL,1),(44,48,84,'红锂云母',8.00,NULL,2),(45,48,83,'粉月光',0.00,NULL,1),(46,49,85,'粉玉髓',2.00,NULL,1),(47,49,84,'红锂云母',8.00,NULL,1),(48,50,84,'红锂云母',8.00,NULL,1),(49,50,83,'粉月光',0.00,NULL,1),(50,51,84,'红锂云母',8.00,NULL,1),(51,51,83,'粉月光',0.00,NULL,1),(52,51,82,'红虎眼',2.00,NULL,1),(53,52,84,'红锂云母',8.00,NULL,1),(54,52,83,'粉月光',0.00,NULL,1),(55,52,82,'红虎眼',2.00,NULL,1),(56,53,85,'粉玉髓',2.00,NULL,1),(57,53,84,'红锂云母',8.00,NULL,1),(58,54,85,'粉玉髓',2.00,NULL,1),(59,54,84,'红锂云母',8.00,NULL,1),(60,55,84,'红锂云母',8.00,NULL,1),(61,56,84,'红锂云母',8.00,NULL,1),(62,57,84,'红锂云母',8.00,NULL,4),(63,58,84,'红锂云母',8.00,NULL,27),(64,59,134,'白月光',20.00,NULL,5),(65,59,117,'白阿塞',18.00,NULL,7),(66,59,142,'贝珠',6.00,NULL,1),(67,59,131,'白月光',6.00,NULL,1),(68,60,289,'测试尺寸6',1.00,NULL,1),(69,61,289,'测试尺寸6',1.00,NULL,2),(70,62,289,'测试尺寸6',1.00,NULL,2),(71,62,540,'花珀',15.00,NULL,1),(72,62,541,'花珀',19.00,NULL,2),(73,62,542,'花珀',24.00,NULL,2),(74,62,539,'花珀',12.00,NULL,1),(75,63,540,'花珀',15.00,NULL,5),(76,64,540,'花珀',15.00,NULL,5),(77,65,540,'花珀',15.00,NULL,3),(78,66,540,'花珀',15.00,NULL,4),(79,66,507,'湖水绿和田玉',18.00,NULL,4),(80,67,540,'花珀',15.00,NULL,7),(81,67,536,'淡水珍珠',3.00,NULL,4),(82,68,540,'花珀',15.00,NULL,6),(83,69,522,'小叶紫檀',9.00,NULL,7),(84,69,527,'白菩提',6.00,NULL,4),(85,69,521,'小叶紫檀',6.00,NULL,9),(86,70,540,'花珀',15.00,NULL,3),(87,71,540,'花珀',15.00,NULL,6),(88,72,540,'花珀',15.00,NULL,11),(89,73,536,'淡水珍珠',3.00,NULL,3),(90,73,539,'花珀',12.00,NULL,3),(91,73,541,'花珀',19.00,NULL,2),(92,73,543,'花珀',32.00,NULL,1),(93,73,540,'花珀',15.00,NULL,2),(94,73,542,'花珀',24.00,NULL,1),(95,73,533,'绿檀木',12.00,NULL,1),(96,73,530,'绿檀木',3.00,NULL,1),(97,73,526,'白菩提',4.00,NULL,2),(98,73,527,'白菩提',6.00,NULL,1),(99,74,540,'花珀',15.00,NULL,9),(100,75,488,'紫阿塞',3.00,NULL,30),(101,76,525,'白菩提',2.00,NULL,15),(102,76,498,'晴水绿和田玉',8.00,NULL,8),(103,76,601,'太后星球',12.00,NULL,2),(104,76,597,'旋转雪花',18.00,NULL,1),(105,77,591,'六芒星锆石',8.00,NULL,1),(106,77,588,'四圈镶钻 金',8.00,NULL,1),(107,77,607,'大冰块',15.00,NULL,1),(108,77,596,'土星轨迹',12.00,NULL,1),(109,78,360,'baby蓝海蓝宝',3.00,NULL,4),(110,78,362,'baby蓝海蓝宝',6.00,NULL,8),(111,78,361,'baby蓝海蓝宝',11.00,NULL,1),(112,78,363,'baby蓝海蓝宝',45.00,NULL,1),(113,78,365,'圣玛利亚蓝海蓝宝',12.00,NULL,11),(114,78,591,'六芒星锆石',8.00,NULL,1),(115,79,360,'baby蓝海蓝宝',3.00,NULL,1),(116,79,362,'baby蓝海蓝宝',6.00,NULL,1),(117,79,364,'baby蓝海蓝宝',16.00,NULL,1),(118,79,363,'baby蓝海蓝宝',45.00,NULL,1),(119,79,443,'乌拉圭紫水晶',4.00,NULL,1),(120,79,447,'乌拉圭紫水晶',6.00,NULL,1),(121,79,446,'乌拉圭紫水晶',8.00,NULL,1),(122,79,172,'鸽血红草莓',10.00,NULL,6),(123,80,172,'鸽血红草莓',10.00,NULL,11),(124,81,172,'鸽血红草莓',10.00,'/admin/common/image/others/a4c0db84-db1c-43d5-9494-671257a1b998.png',8),(125,82,15,'西柚粉水晶手串',188.00,'/admin/common/image/others/b39302b6-503f-43f3-93cd-e351bf35486d.jpg',1),(126,83,23,'黑月光红胶花',268.00,'/admin/common/image/others/462a8293-06da-49d2-ac54-c1a25d3179cd.jpg',2),(127,84,172,'鸽血红草莓',10.00,'/admin/common/image/others/a4c0db84-db1c-43d5-9494-671257a1b998.png',1),(128,85,22,'奶茶月光黑曜石多圈',169.00,'/admin/common/image/others/c6ec4007-5344-47d6-b4cf-54237b0425f1.jpg',1),(129,86,360,'baby蓝海蓝宝',3.00,'/admin/common/image/others/280a0f02-76fa-404b-9709-928cfefeef05.png',9),(130,86,600,'金色葫芦提溜',12.00,'/admin/common/image/others/8df32380-4126-44d6-99f4-aec289d880b5.png',27),(131,86,580,'金镶满钻蝴蝶结',8.00,'/admin/common/image/others/6962371d-4af3-461c-9a24-2f9e9df04ae0.png',1),(132,86,548,'金边紫色葫芦',6.00,'/admin/common/image/others/234b11be-d570-4735-9cb8-dd569c176675.png',1),(133,86,546,'金边粉色葫芦',6.00,'/admin/common/image/others/918a5b4a-bb53-47d1-a0e0-a5a1dd5445a9.png',1),(134,87,360,'baby蓝海蓝宝',3.00,'/admin/common/image/others/280a0f02-76fa-404b-9709-928cfefeef05.png',9),(135,87,600,'金色葫芦提溜',12.00,'/admin/common/image/others/8df32380-4126-44d6-99f4-aec289d880b5.png',27),(136,87,580,'金镶满钻蝴蝶结',8.00,'/admin/common/image/others/6962371d-4af3-461c-9a24-2f9e9df04ae0.png',1),(137,87,548,'金边紫色葫芦',6.00,'/admin/common/image/others/234b11be-d570-4735-9cb8-dd569c176675.png',1),(138,87,546,'金边粉色葫芦',6.00,'/admin/common/image/others/918a5b4a-bb53-47d1-a0e0-a5a1dd5445a9.png',1),(139,88,360,'baby蓝海蓝宝',3.00,'/admin/common/image/others/280a0f02-76fa-404b-9709-928cfefeef05.png',5),(140,89,360,'baby蓝海蓝宝',3.00,'/admin/common/image/others/280a0f02-76fa-404b-9709-928cfefeef05.png',5),(141,90,360,'baby蓝海蓝宝',3.00,'/admin/common/image/others/280a0f02-76fa-404b-9709-928cfefeef05.png',5),(142,90,362,'baby蓝海蓝宝',6.00,'/admin/common/image/others/97eff0b1-6813-4677-abdc-406ea5abb499.png',5),(143,91,360,'baby蓝海蓝宝',3.00,'/admin/common/image/others/280a0f02-76fa-404b-9709-928cfefeef05.png',5),(144,91,362,'baby蓝海蓝宝',6.00,'/admin/common/image/others/97eff0b1-6813-4677-abdc-406ea5abb499.png',5),(145,92,360,'baby蓝海蓝宝',3.00,'/admin/common/image/others/280a0f02-76fa-404b-9709-928cfefeef05.png',3),(146,92,362,'baby蓝海蓝宝',6.00,'/admin/common/image/others/97eff0b1-6813-4677-abdc-406ea5abb499.png',2),(147,92,361,'baby蓝海蓝宝',11.00,'/admin/common/image/others/1c40e61b-4c47-4680-955e-aed7a478fdca.png',2),(148,93,362,'baby蓝海蓝宝',6.00,'/admin/common/image/others/97eff0b1-6813-4677-abdc-406ea5abb499.png',4),(149,93,360,'baby蓝海蓝宝',3.00,'/admin/common/image/others/280a0f02-76fa-404b-9709-928cfefeef05.png',4),(150,94,360,'baby蓝海蓝宝',3.00,'/admin/common/image/others/280a0f02-76fa-404b-9709-928cfefeef05.png',3),(151,95,362,'baby蓝海蓝宝',6.00,'/admin/common/image/others/97eff0b1-6813-4677-abdc-406ea5abb499.png',3),(152,95,360,'baby蓝海蓝宝',3.00,'/admin/common/image/others/280a0f02-76fa-404b-9709-928cfefeef05.png',3),(153,95,361,'baby蓝海蓝宝',11.00,'/admin/common/image/others/1c40e61b-4c47-4680-955e-aed7a478fdca.png',2),(154,96,362,'baby蓝海蓝宝',6.00,'/admin/common/image/others/97eff0b1-6813-4677-abdc-406ea5abb499.png',3),(155,96,360,'baby蓝海蓝宝',3.00,'/admin/common/image/others/280a0f02-76fa-404b-9709-928cfefeef05.png',3),(156,96,361,'baby蓝海蓝宝',11.00,'/admin/common/image/others/1c40e61b-4c47-4680-955e-aed7a478fdca.png',2),(157,97,362,'baby蓝海蓝宝',6.00,'/admin/common/image/others/97eff0b1-6813-4677-abdc-406ea5abb499.png',7),(158,97,361,'baby蓝海蓝宝',11.00,'/admin/common/image/others/1c40e61b-4c47-4680-955e-aed7a478fdca.png',3),(159,98,362,'baby蓝海蓝宝',6.00,'/admin/common/image/others/97eff0b1-6813-4677-abdc-406ea5abb499.png',4),(160,98,360,'baby蓝海蓝宝',3.00,'/admin/common/image/others/280a0f02-76fa-404b-9709-928cfefeef05.png',3),(161,98,361,'baby蓝海蓝宝',11.00,'/admin/common/image/others/1c40e61b-4c47-4680-955e-aed7a478fdca.png',2),(162,98,364,'baby蓝海蓝宝',16.00,'/admin/common/image/others/67069d9c-a03c-44c9-a3a9-3a7929b200c3.png',2),(163,98,363,'baby蓝海蓝宝',45.00,'/admin/common/image/others/73068474-473c-4c05-b6bb-aa775946609a.png',2),(164,98,443,'乌拉圭紫水晶',4.00,'/admin/common/image/others/127116a8-1b10-4d81-ba74-921e5fbb6eb3.png',3),(165,99,360,'baby蓝海蓝宝',3.00,'/admin/common/image/others/280a0f02-76fa-404b-9709-928cfefeef05.png',6),(166,100,360,'baby蓝海蓝宝',3.00,'/admin/common/image/others/280a0f02-76fa-404b-9709-928cfefeef05.png',6),(167,101,360,'baby蓝海蓝宝',3.00,'/admin/common/image/others/280a0f02-76fa-404b-9709-928cfefeef05.png',6),(168,102,360,'baby蓝海蓝宝',3.00,'/admin/common/image/others/280a0f02-76fa-404b-9709-928cfefeef05.png',6),(169,102,361,'baby蓝海蓝宝',11.00,'/admin/common/image/others/1c40e61b-4c47-4680-955e-aed7a478fdca.png',3),(170,103,360,'baby蓝海蓝宝',3.00,'/admin/common/image/others/280a0f02-76fa-404b-9709-928cfefeef05.png',5),(171,104,360,'baby蓝海蓝宝',3.00,'/admin/common/image/others/280a0f02-76fa-404b-9709-928cfefeef05.png',5),(172,104,362,'baby蓝海蓝宝',6.00,'/admin/common/image/others/97eff0b1-6813-4677-abdc-406ea5abb499.png',4),(173,105,23,'黑月光红胶花',268.00,'/admin/common/image/others/462a8293-06da-49d2-ac54-c1a25d3179cd.jpg',1),(174,106,23,'黑月光红胶花',268.00,'/admin/common/image/others/462a8293-06da-49d2-ac54-c1a25d3179cd.jpg',1),(175,107,21,'黄阿塞千层幽灵多圈',199.00,'/admin/common/image/others/bd5599c7-0ba1-47f2-81f0-2c575abe4d8e.jpg',1),(176,108,21,'黄阿塞千层幽灵多圈',199.00,'/admin/common/image/others/bd5599c7-0ba1-47f2-81f0-2c575abe4d8e.jpg',1),(177,109,23,'黑月光红胶花',268.00,'/admin/common/image/others/462a8293-06da-49d2-ac54-c1a25d3179cd.jpg',1),(178,110,23,'黑月光红胶花',268.00,'/admin/common/image/others/462a8293-06da-49d2-ac54-c1a25d3179cd.jpg',1),(179,111,360,'baby蓝海蓝宝',3.00,'/admin/common/image/others/280a0f02-76fa-404b-9709-928cfefeef05.png',7),(180,112,360,'baby蓝海蓝宝',3.00,'/admin/common/image/others/280a0f02-76fa-404b-9709-928cfefeef05.png',7),(181,113,360,'baby蓝海蓝宝',3.00,'/admin/common/image/others/280a0f02-76fa-404b-9709-928cfefeef05.png',5),(182,114,360,'baby蓝海蓝宝',3.00,'/admin/common/image/others/280a0f02-76fa-404b-9709-928cfefeef05.png',11),(183,115,360,'baby蓝海蓝宝',3.00,'/admin/common/image/others/280a0f02-76fa-404b-9709-928cfefeef05.png',7),(184,116,360,'baby蓝海蓝宝',3.00,'/admin/common/image/others/280a0f02-76fa-404b-9709-928cfefeef05.png',7),(185,117,360,'baby蓝海蓝宝',3.00,'/admin/common/image/others/280a0f02-76fa-404b-9709-928cfefeef05.png',7),(186,118,360,'baby蓝海蓝宝',3.00,'/admin/common/image/others/280a0f02-76fa-404b-9709-928cfefeef05.png',4),(187,119,360,'baby蓝海蓝宝',3.00,'/admin/common/image/others/280a0f02-76fa-404b-9709-928cfefeef05.png',4),(188,120,360,'baby蓝海蓝宝',3.00,'/admin/common/image/others/280a0f02-76fa-404b-9709-928cfefeef05.png',7),(189,121,360,'baby蓝海蓝宝',3.00,'/admin/common/image/others/280a0f02-76fa-404b-9709-928cfefeef05.png',3),(190,122,23,'黑月光红胶花',268.00,'/admin/common/image/others/462a8293-06da-49d2-ac54-c1a25d3179cd.jpg',1),(191,123,360,'baby蓝海蓝宝',3.00,'/admin/common/image/others/280a0f02-76fa-404b-9709-928cfefeef05.png',2),(192,124,360,'baby蓝海蓝宝',3.00,'/admin/common/image/others/280a0f02-76fa-404b-9709-928cfefeef05.png',6),(193,125,406,'蓝玛瑙',3.00,'/admin/common/image/others/df038509-0055-4171-bd7b-d71a677472e3.png',1),(194,125,378,'强光灰月光',6.00,'/admin/common/image/others/8ccbfa90-b7d2-4b0c-bcd7-4ce75a9c42b3.png',1),(195,125,365,'圣玛利亚蓝海蓝宝',12.00,'/admin/common/image/others/19f2dc41-d0eb-4297-9b28-afa4764cdf7c.png',2),(196,125,360,'baby蓝海蓝宝',3.00,'/admin/common/image/others/280a0f02-76fa-404b-9709-928cfefeef05.png',8),(197,125,602,'锆石蝴蝶结',12.00,'/admin/common/image/others/6ca932f0-d692-4bdf-8c3a-66cda2cc1abb.png',1),(198,125,351,'奶油体蓝月光',6.00,'/admin/common/image/others/b50c8459-59be-4357-bd43-e916bb5068f3.png',3),(199,125,581,'银色锆石',6.00,'/admin/common/image/others/1ff60391-da84-4770-8ecd-68c6b9879023.png',1),(200,125,373,'灰月光',3.00,'/admin/common/image/others/43a68db7-0062-42eb-a9b1-51413637d571.png',1),(201,125,59,'白月光',3.00,'/admin/common/image/others/a0a1e96a-902e-4dad-a4c3-df24bb687080.png',1),(202,125,591,'六芒星锆石',8.00,'/admin/common/image/others/be535631-e7cc-4275-b7a6-dc0053678a9a.png',1),(203,126,21,'黄阿塞千层幽灵多圈',199.00,'/admin/common/image/others/bd5599c7-0ba1-47f2-81f0-2c575abe4d8e.jpg',1),(204,127,23,'黑月光红胶花',268.00,'/admin/common/image/others/462a8293-06da-49d2-ac54-c1a25d3179cd.jpg',1),(205,128,23,'黑月光红胶花',268.00,'/admin/common/image/others/462a8293-06da-49d2-ac54-c1a25d3179cd.jpg',1),(206,129,360,'baby蓝海蓝宝',3.00,'/admin/common/image/others/280a0f02-76fa-404b-9709-928cfefeef05.png',7),(207,130,360,'baby蓝海蓝宝',3.00,'/admin/common/image/others/280a0f02-76fa-404b-9709-928cfefeef05.png',7),(208,130,742,'白水晶双尖',16.00,'/admin/common/image/others/5bad869f-7d86-43e0-942d-16fb60dae01a.png',13),(209,130,731,'粉水晶方糖',15.00,'/admin/common/image/others/64ebd8be-ea96-4282-a7b0-ea2df2479657.png',12),(210,131,23,'黑月光红胶花',268.00,'/admin/common/image/others/462a8293-06da-49d2-ac54-c1a25d3179cd.jpg',1),(211,132,590,'法棍猫咪',6.00,'/admin/common/image/others/b99aa178-63bd-4d3d-b415-9e3410eb4ff5.png',15),(212,133,590,'法棍猫咪',6.00,'/admin/common/image/others/b99aa178-63bd-4d3d-b415-9e3410eb4ff5.png',15),(213,134,360,'baby蓝海蓝宝',3.00,'/admin/common/image/others/280a0f02-76fa-404b-9709-928cfefeef05.png',5),(214,135,23,'黑月光红胶花',268.00,'/admin/common/image/others/462a8293-06da-49d2-ac54-c1a25d3179cd.jpg',1),(215,136,360,'给张三的礼物',3.00,'/admin/common/image/others/280a0f02-76fa-404b-9709-928cfefeef05.png',6),(216,137,23,'黑月光红胶花',268.00,'/admin/common/image/others/462a8293-06da-49d2-ac54-c1a25d3179cd.jpg',1),(217,138,22,'奶茶月光黑曜石多圈',169.00,'/admin/common/image/others/c6ec4007-5344-47d6-b4cf-54237b0425f1.jpg',1),(218,139,360,'给张三的礼物',3.00,'/admin/common/image/others/280a0f02-76fa-404b-9709-928cfefeef05.png',41),(219,140,23,'黑月光红胶花',268.00,'/admin/common/image/others/462a8293-06da-49d2-ac54-c1a25d3179cd.jpg',1),(220,141,23,'黑月光红胶花',268.00,'/admin/common/image/others/462a8293-06da-49d2-ac54-c1a25d3179cd.jpg',1),(221,142,23,'黑月光红胶花',268.00,'/admin/common/image/others/462a8293-06da-49d2-ac54-c1a25d3179cd.jpg',1),(222,143,362,'我的设计',6.00,'/admin/common/image/others/97eff0b1-6813-4677-abdc-406ea5abb499.png',4),(223,144,23,'黑月光红胶花',268.00,'/admin/common/image/others/462a8293-06da-49d2-ac54-c1a25d3179cd.jpg',1),(224,145,23,'黑月光红胶花',268.00,'/admin/common/image/others/462a8293-06da-49d2-ac54-c1a25d3179cd.jpg',1),(225,146,22,'奶茶月光黑曜石多圈',169.00,'/admin/common/image/others/c6ec4007-5344-47d6-b4cf-54237b0425f1.jpg',1),(226,147,360,'给张三的礼物',3.00,'/admin/common/image/others/280a0f02-76fa-404b-9709-928cfefeef05.png',4),(227,148,21,'黄阿塞千层幽灵多圈',199.00,'/admin/common/image/others/bd5599c7-0ba1-47f2-81f0-2c575abe4d8e.jpg',1),(228,148,23,'黑月光红胶花',268.00,'/admin/common/image/others/462a8293-06da-49d2-ac54-c1a25d3179cd.jpg',1),(229,149,23,'黑月光红胶花',268.00,'/admin/common/image/others/462a8293-06da-49d2-ac54-c1a25d3179cd.jpg',1),(230,150,23,'黑月光红胶花',268.00,'/admin/common/image/others/462a8293-06da-49d2-ac54-c1a25d3179cd.jpg',1),(231,151,21,'黄阿塞千层幽灵多圈',199.00,'/admin/common/image/others/bd5599c7-0ba1-47f2-81f0-2c575abe4d8e.jpg',1),(232,152,361,'我的设计',11.00,'/admin/common/image/others/1c40e61b-4c47-4680-955e-aed7a478fdca.png',4),(233,153,23,'黑月光红胶花',268.00,'/admin/common/image/others/462a8293-06da-49d2-ac54-c1a25d3179cd.jpg',1),(234,154,360,'我的设计',3.00,'/admin/common/image/others/280a0f02-76fa-404b-9709-928cfefeef05.png',8),(235,155,23,'黑月光红胶花',268.00,'/admin/common/image/others/462a8293-06da-49d2-ac54-c1a25d3179cd.jpg',1),(236,156,83,'粉月光',0.00,'/admin/common/image/others/277ea718-7b03-4169-a0e7-2abc949b3e27.png',30),(237,157,83,'粉月光',0.00,'/admin/common/image/others/277ea718-7b03-4169-a0e7-2abc949b3e27.png',28),(238,157,360,'baby蓝海蓝宝',3.00,'/admin/common/image/others/280a0f02-76fa-404b-9709-928cfefeef05.png',2),(239,158,83,'粉月光',0.00,'/admin/common/image/others/277ea718-7b03-4169-a0e7-2abc949b3e27.png',29),(240,158,360,'baby蓝海蓝宝',3.00,'/admin/common/image/others/280a0f02-76fa-404b-9709-928cfefeef05.png',1),(241,159,360,'baby蓝海蓝宝',3.00,'/admin/common/image/others/280a0f02-76fa-404b-9709-928cfefeef05.png',1),(242,159,83,'粉月光',0.00,'/admin/common/image/others/277ea718-7b03-4169-a0e7-2abc949b3e27.png',27),(243,160,363,'baby蓝海蓝宝',0.01,'http://localhost:8080/admin/common/image/others/ba6fdfba-8879-4559-b57d-532a9fb4b8e0.png',3),(244,161,363,'baby蓝海蓝宝',0.01,'http://localhost:8080/admin/common/image/others/ba6fdfba-8879-4559-b57d-532a9fb4b8e0.png',2),(245,162,363,'baby蓝海蓝宝',0.01,'http://localhost:8080/admin/common/image/others/ba6fdfba-8879-4559-b57d-532a9fb4b8e0.png',2),(246,163,301,'太阳石',5.00,'http://localhost:8080/admin/common/image/others/ba6fdfba-8879-4559-b57d-532a9fb4b8e0.png',1),(247,163,280,'黄发晶发丝多',20.00,'http://localhost:8080/admin/common/image/others/ba6fdfba-8879-4559-b57d-532a9fb4b8e0.png',8),(248,163,312,'金锂云母',10.00,'http://localhost:8080/admin/common/image/others/ba6fdfba-8879-4559-b57d-532a9fb4b8e0.png',4),(249,163,55,'金线绳',0.00,'http://localhost:8080/admin/common/image/others/ba6fdfba-8879-4559-b57d-532a9fb4b8e0.png',1);
/*!40000 ALTER TABLE `order_item` ENABLE KEYS */;
UNLOCK TABLES;

--
-- Table structure for table `paypal_webhook_event`
--

DROP TABLE IF EXISTS `paypal_webhook_event`;
/*!40101 SET @saved_cs_client     = @@character_set_client */;
/*!50503 SET character_set_client = utf8mb4 */;
CREATE TABLE `paypal_webhook_event` (
  `id` bigint NOT NULL AUTO_INCREMENT,
  `event_id` varchar(100) NOT NULL COMMENT 'PayPal事件ID',
  `event_type` varchar(100) NOT NULL COMMENT '事件类型',
  `resource_id` varchar(100) DEFAULT NULL COMMENT '关联资源ID（如capture_id）',
  `payload` text COMMENT '原始事件JSON',
  `processed` tinyint(1) DEFAULT '0' COMMENT '是否已处理 0未处理 1已处理',
  `create_time` datetime DEFAULT CURRENT_TIMESTAMP,
  PRIMARY KEY (`id`),
  UNIQUE KEY `uk_event_id` (`event_id`)
) ENGINE=InnoDB DEFAULT CHARSET=utf8mb3 COMMENT='PayPal Webhook事件记录表（幂等）';
/*!40101 SET character_set_client = @saved_cs_client */;

--
-- Dumping data for table `paypal_webhook_event`
--

LOCK TABLES `paypal_webhook_event` WRITE;
/*!40000 ALTER TABLE `paypal_webhook_event` DISABLE KEYS */;
/*!40000 ALTER TABLE `paypal_webhook_event` ENABLE KEYS */;
UNLOCK TABLES;

--
-- Table structure for table `product`
--

DROP TABLE IF EXISTS `product`;
/*!40101 SET @saved_cs_client     = @@character_set_client */;
/*!50503 SET character_set_client = utf8mb4 */;
CREATE TABLE `product` (
  `id` bigint NOT NULL AUTO_INCREMENT COMMENT '商品ID',
  `category_id` bigint NOT NULL COMMENT '分类ID',
  `title` varchar(100) NOT NULL COMMENT '商品标题',
  `description` text COMMENT '商品描述',
  `cover_image` varchar(255) DEFAULT NULL COMMENT '商品封面图',
  `price` decimal(10,2) NOT NULL COMMENT '价格',
  `price_overseas` decimal(10,2) NOT NULL DEFAULT '0.00' COMMENT '海外价格(美元)',
  `weight` decimal(6,2) DEFAULT NULL COMMENT '克重（单位：克）',
  `stock` int DEFAULT '0' COMMENT '库存',
  `status` tinyint DEFAULT '1' COMMENT '1上架 0下架',
  `create_time` datetime DEFAULT CURRENT_TIMESTAMP COMMENT '创建时间',
  PRIMARY KEY (`id`),
  KEY `idx_category` (`category_id`),
  CONSTRAINT `product_ibfk_1` FOREIGN KEY (`category_id`) REFERENCES `category` (`id`)
) ENGINE=InnoDB AUTO_INCREMENT=27 DEFAULT CHARSET=utf8mb3 COMMENT='商品表';
/*!40101 SET character_set_client = @saved_cs_client */;

--
-- Dumping data for table `product`
--

LOCK TABLES `product` WRITE;
/*!40000 ALTER TABLE `product` DISABLE KEYS */;
INSERT INTO `product` VALUES (4,2,'圣诞系列','红与绿的碰撞，是好运和心动的双重奔赴～\n戴上这串，坐等好事发生\n绿草莓晶红玛瑙贝珠\n尺寸约6/8/10mm','/admin/common/image/others/dc0326d4-ba17-49ba-a9e7-94114de92886.jpg',128.00,128.00,35.00,20,1,'2025-12-23 11:59:14'),(5,2,'奶茶月光','该怎么形容月光的温柔呢\n每一颗都闪烁着温柔治愈的光\n奶茶月光石榴石切面黄水晶\n尺寸约9mm','/admin/common/image/others/1022bfe4-b284-41f5-b3d3-c6808bcfe809.jpg',188.00,188.00,0.00,20,1,'2025-12-23 12:01:38'),(6,2,'平安环·多宝红绳','和田玉平安扣，和田玉，翡翠，红玛瑙，黄玛瑙，贝珠，切面黄水晶，翡翠算盘珠\n尺寸约6mm','/admin/common/image/others/08c74399-b739-472e-9afa-301023d30efb.jpg',188.00,188.00,0.00,20,1,'2025-12-23 12:05:14'),(7,1,'金竹碧玉','金竹碧玉真的太雅了！\n竹子本来就是清风雅韵的代表 再配上温润的和田玉碧玉','/admin/common/image/others/282715c3-563e-4f95-b861-e74bfbe08624.jpg',199.00,199.00,0.00,20,1,'2025-12-23 12:06:54'),(8,4,'红玛瑙手镯（备注圈口','秋冬红色系！！果然显得气血很好的样子！！\n我想谁也逃不掉红色系！妈妈都夸我会买！！\n上手立马显白n个度！！！','/admin/common/image/others/0a8bcb2e-9791-489c-888e-7f5f794d5691.jpg',188.00,188.00,0.00,20,1,'2025-12-23 12:09:39'),(9,2,'翡翠叶子','天然翡翠~福利款\n一份预算，两份快乐！解锁 “手串 + 项链” 双穿搭，闭眼入不踩雷～','/admin/common/image/others/f5aee6cd-ceba-4c24-851f-f93195c770e0.jpg',69.90,69.90,0.00,20,1,'2025-12-23 12:25:28'),(10,4,'天山翠（备注圈口','天山翠，山河清影中式美\n国风美学无可替代，每支都是独一无二的美','/admin/common/image/others/b3111586-b1e3-4d0a-87fc-00a23ce54ff2.jpg',268.00,268.00,0.00,20,1,'2025-12-23 12:39:07'),(11,2,'紫水晶1','人间绝绝紫～\n乌拉圭·巴西紫水晶','https://cloud.xiaotangstory.top/admin/common/image/others/aa17ccf1-25db-4fd8-8163-ac4e182374ff.jpg',168.00,168.00,0.00,1,0,'2025-12-23 12:43:01'),(12,2,'黄塔晶1','甜奶油招米黄塔晶\n没人能抗拒这样富贵的水晶手串！！\n尺寸约8mm','/admin/common/image/others/b7bd75b2-1707-4dda-b376-e8244ab03ba1.jpg',168.00,168.00,0.00,20,1,'2025-12-23 12:53:48'),(13,2,'黄塔晶2','爱财爱己 风生水起\n这串金灿灿手链也太戳心了吧！\n爱自己才是上上签 腕间的小太阳戴上它，仿佛被温暖的阳光拥抱像把一小束凝固的阳光绕在了手腕上～\n\n黄塔晶/黄阿塞 \n尺寸约8/10.5mm','/admin/common/image/others/a9397845-1cf7-44a4-86a2-5e7a3e2346ef.jpg',158.00,158.00,0.00,20,1,'2025-12-23 12:59:39'),(14,2,'南红1','冰飘南红，红玛瑙，和田玉跑环\n若惊鸿，是美在千变万化的冰飘南红\n灵动带着神秘\n每一颗都是不一样的存在\n尺寸约6/8/10mm','/admin/common/image/others/70c1a24e-98d8-4a40-9b86-3e95d69ce0b6.jpg',188.00,188.00,0.00,20,1,'2025-12-23 13:02:40'),(15,2,'西柚粉水晶手串','\n西柚粉水晶手串\n谁能拒绝把“温柔氛围感”焊在手上啊\n软fufu的粉水晶自带温柔滤镜，甜而不腻的精致感拉满~戴上手显白又抬气质，日常通勤/约会都适配！','/admin/common/image/others/b39302b6-503f-43f3-93cd-e351bf35486d.jpg',188.00,188.00,0.00,20,1,'2025-12-23 13:11:01'),(16,5,'银镶嵌水沫玉葫芦','','/admin/common/image/others/dc0ea30f-f592-4798-b04d-5ce0a12bcef0.jpg',188.00,188.00,0.00,20,1,'2025-12-25 14:05:14'),(17,1,'和田玉佛公（厚）','','/admin/common/image/others/619e54a1-e1c2-4552-98a8-e1db214b3216.jpg',288.00,288.00,0.00,20,1,'2025-12-25 14:06:27'),(18,1,'银镶嵌和田玉小马','好可爱的珐琅纯银\n和田玉小马润润透透的超可爱呀～\n有着马到成功 马上有钱的寓意\n是年轻人都拒绝不了的中式浪漫～','/admin/common/image/others/ed33900c-7b2d-4812-88f4-1b2010bc6d48.jpg',199.00,199.00,0.00,20,1,'2025-12-25 14:08:25'),(19,4,'香芋紫手镯（备注圈口','香芋紫~原矿色就是美腻！','/admin/common/image/others/dfac0bd8-4816-4a2c-af0e-823ef3de477c.jpg',688.00,688.00,0.00,20,1,'2025-12-25 14:09:40'),(20,2,'紫黄水晶','年头紫到年尾氛围感包的呀～\n不愧是火了很久的紫黄搭子\n一紫一黄，一财一智！\n直接把这款焊在手手～\n\n紫塔晶，黄塔晶，黑金超，紫阿塞方糖.黄阿塞跑环\n\n尺寸约12mm','/admin/common/image/others/769e7506-535f-4796-8590-cfe2e8b050b4.jpg',248.00,248.00,0.00,20,1,'2025-12-25 14:12:33'),(21,2,'黄阿塞千层幽灵多圈','\n\n黄阿塞，千层幽灵\n尺寸约7/12mm','/admin/common/image/others/bd5599c7-0ba1-47f2-81f0-2c575abe4d8e.jpg',199.00,199.00,0.00,20,1,'2025-12-25 14:21:07'),(22,2,'奶茶月光黑曜石多圈','腕间的反差感美学\n黑曜石的深邃像漫漫长夜\n奶茶月光的朦胧光晕恰似破晓的柔光\n戴上就不想摘下来的神仙组合\n尺寸约6/10mm  铜配件','/admin/common/image/others/c6ec4007-5344-47d6-b4cf-54237b0425f1.jpg',169.00,169.00,0.00,20,1,'2025-12-25 14:23:31'),(23,2,'黑月光红胶花','','/admin/common/image/others/462a8293-06da-49d2-ac54-c1a25d3179cd.jpg',268.00,268.00,0.00,19,1,'2025-12-25 14:42:36'),(25,2,'测试商品','','/admin/common/image/others/03642529-feda-4ce4-824e-b8e12dc86684.png',999.00,999.00,0.00,0,1,'2025-12-25 22:50:24'),(26,2,'测试','','/admin/common/image/others/91861e2c-e75f-4226-8d4e-852dff1be180.jpg',1.00,0.01,10.00,7,1,'2026-06-10 17:09:28');
/*!40000 ALTER TABLE `product` ENABLE KEYS */;
UNLOCK TABLES;

--
-- Table structure for table `product_image`
--

DROP TABLE IF EXISTS `product_image`;
/*!40101 SET @saved_cs_client     = @@character_set_client */;
/*!50503 SET character_set_client = utf8mb4 */;
CREATE TABLE `product_image` (
  `id` bigint NOT NULL AUTO_INCREMENT COMMENT '主键',
  `product_id` bigint NOT NULL COMMENT '商品ID',
  `image_url` varchar(1024) NOT NULL COMMENT '图片地址',
  `sort` int DEFAULT '0' COMMENT '排序（越小越靠前）',
  `is_cover` tinyint DEFAULT '0' COMMENT '是否封面：1是 0否',
  `create_time` datetime DEFAULT CURRENT_TIMESTAMP COMMENT '创建时间',
  PRIMARY KEY (`id`),
  KEY `idx_product_sort` (`product_id`,`sort`),
  CONSTRAINT `fk_product_image_product` FOREIGN KEY (`product_id`) REFERENCES `product` (`id`) ON DELETE CASCADE
) ENGINE=InnoDB AUTO_INCREMENT=37 DEFAULT CHARSET=utf8mb3 COMMENT='商品图片明细表';
/*!40101 SET character_set_client = @saved_cs_client */;

--
-- Dumping data for table `product_image`
--

LOCK TABLES `product_image` WRITE;
/*!40000 ALTER TABLE `product_image` DISABLE KEYS */;
INSERT INTO `product_image` VALUES (32,25,'/admin/common/image/others/03642529-feda-4ce4-824e-b8e12dc86684.png',0,1,'2025-12-25 22:50:24'),(33,25,'/admin/common/image/others/ea0a4ea6-6771-483b-80d5-9065320456c3.png',1,0,'2025-12-25 22:50:24'),(34,25,'/admin/common/image/others/7fae4234-cd2a-4640-9ad4-2db5603316bf.png',2,0,'2025-12-25 22:50:24'),(35,25,'/admin/common/image/others/df8b2053-1bc7-4c58-b071-533583ca2084.png',3,0,'2025-12-25 22:50:24'),(36,26,'/admin/common/image/others/91861e2c-e75f-4226-8d4e-852dff1be180.jpg',0,1,'2026-06-10 17:09:28');
/*!40000 ALTER TABLE `product_image` ENABLE KEYS */;
UNLOCK TABLES;

--
-- Table structure for table `user`
--

DROP TABLE IF EXISTS `user`;
/*!40101 SET @saved_cs_client     = @@character_set_client */;
/*!50503 SET character_set_client = utf8mb4 */;
CREATE TABLE `user` (
  `id` bigint NOT NULL AUTO_INCREMENT COMMENT '用户ID',
  `openid` varchar(64) NOT NULL COMMENT '微信openid',
  `nickname` varchar(50) DEFAULT NULL COMMENT '昵称',
  `avatar` varchar(255) DEFAULT NULL COMMENT '头像',
  `create_time` datetime DEFAULT CURRENT_TIMESTAMP COMMENT '注册时间',
  PRIMARY KEY (`id`),
  UNIQUE KEY `openid` (`openid`)
) ENGINE=InnoDB AUTO_INCREMENT=60 DEFAULT CHARSET=utf8mb3 COMMENT='微信用户表';
/*!40101 SET character_set_client = @saved_cs_client */;

--
-- Dumping data for table `user`
--

LOCK TABLES `user` WRITE;
/*!40000 ALTER TABLE `user` DISABLE KEYS */;
INSERT INTO `user` VALUES (1,'test_openid_123','测试用户',NULL,'2025-11-28 10:28:11'),(2,'oRu5D1yX4DbIv-NJTRIwS6vOPicw','微信用户','wxfile://tmp_d4f8e1e2f8831701831831371b2dceee.jpg','2025-12-13 14:50:42'),(3,'oRu5D10pYd_JG8GTKGDXCd_UFDn0','星汉灿烂','wxfile://temp/19b50d2175e_65f.jpeg','2025-12-13 15:05:56'),(4,'oRu5D17EBIs1FQN5geI63paqdD9Q','微信用户','https://thirdwx.qlogo.cn/mmopen/vi_32/POgEwh4mIHO4nibH0KlMECNjjGxQUq24ZEaGT4poC6icRiccVGKSyXwibcPq4BWmiaIGuG1icwxaQX6grC9VemZoJ8rg/132','2025-12-13 16:27:53'),(5,'oRu5D10uUqYj9JTJf3_agTQ58yRM','wxid_evyd8s7v2zr512','wxfile://tmp_5f49fe3d2086c6b0359f25e7a35b24c30b2ff3e1eb0283e1.png','2025-12-19 00:25:42'),(6,'oRu5D1_Gl-8vC64BOxMbbzwHZApU','微信用户','https://thirdwx.qlogo.cn/mmopen/vi_32/POgEwh4mIHO4nibH0KlMECNjjGxQUq24ZEaGT4poC6icRiccVGKSyXwibcPq4BWmiaIGuG1icwxaQX6grC9VemZoJ8rg/132','2025-12-19 11:36:16'),(7,'oRu5D17nTAweJe7yBKGUKbJwA9Jo','wxid_11vgq5unouxe12','wxfile://tmp_9bcb2e8fe68aaa8cd234c3297d9b5f1db46ccf1e1d8369ea.png','2025-12-20 12:13:37'),(8,'oRu5D1xjW_Xct3Tb4WsYNDNXQ0p8','wxid_p0wm1yv1mt3y12','wxfile://tmp_3d7e497d763ad2e9c7977cf415324855c46a7c35643af84c.png','2025-12-21 00:47:30'),(9,'oRu5D1_NnzEjeii4qK0LePex3PrI','微信用户','https://thirdwx.qlogo.cn/mmopen/vi_32/POgEwh4mIHO4nibH0KlMECNjjGxQUq24ZEaGT4poC6icRiccVGKSyXwibcPq4BWmiaIGuG1icwxaQX6grC9VemZoJ8rg/132','2025-12-21 15:42:22'),(10,'oRu5D14iwFRaVAcQm0A1vB-gV8BM','wxid_pvv5jca8eukj12','wxfile://tmp_33145eddd1608574beec4fb8d60e6462ec9661d6cc12826b.png','2025-12-21 23:24:36'),(11,'oRu5D125MddOBs4felNWLUvvDD8g','微信用户','wxfile://tmp_a5a2713d71dde8ed59f25e8133cb9b02ddc2330fbd0aa026.png','2025-12-22 09:14:33'),(12,'oRu5D17VAcTAxEyEEuxoY2Xj939w','微信用户','https://thirdwx.qlogo.cn/mmopen/vi_32/POgEwh4mIHO4nibH0KlMECNjjGxQUq24ZEaGT4poC6icRiccVGKSyXwibcPq4BWmiaIGuG1icwxaQX6grC9VemZoJ8rg/132','2025-12-22 09:42:48'),(13,'oRu5D10FUBvj8_eFGqTrGWHTfE-c','微信用户','https://thirdwx.qlogo.cn/mmopen/vi_32/POgEwh4mIHO4nibH0KlMECNjjGxQUq24ZEaGT4poC6icRiccVGKSyXwibcPq4BWmiaIGuG1icwxaQX6grC9VemZoJ8rg/132','2025-12-22 09:45:19'),(14,'oRu5D18W3OD9ehB9GH0sBSn2SL2c','微信用户','https://thirdwx.qlogo.cn/mmopen/vi_32/POgEwh4mIHO4nibH0KlMECNjjGxQUq24ZEaGT4poC6icRiccVGKSyXwibcPq4BWmiaIGuG1icwxaQX6grC9VemZoJ8rg/132','2025-12-22 10:12:27'),(15,'oRu5D17js8y60gYjREWNu3wuHkJg','微信用户','https://thirdwx.qlogo.cn/mmopen/vi_32/POgEwh4mIHO4nibH0KlMECNjjGxQUq24ZEaGT4poC6icRiccVGKSyXwibcPq4BWmiaIGuG1icwxaQX6grC9VemZoJ8rg/132','2025-12-22 10:33:24'),(16,'oRu5D11HcNsY8tVFyPSdRt45TpAE','微信用户','https://thirdwx.qlogo.cn/mmopen/vi_32/POgEwh4mIHO4nibH0KlMECNjjGxQUq24ZEaGT4poC6icRiccVGKSyXwibcPq4BWmiaIGuG1icwxaQX6grC9VemZoJ8rg/132','2025-12-22 12:27:38'),(17,'oRu5D1wGDJmGZoXELTlWdT598Y3Y','wxid_3re5hjgn9l9u12','wxfile://tmp_c37c505b9840e3aae79fb20e96cfb88e359bd717cb3a81ce.png','2025-12-22 16:37:53'),(18,'oRu5D14_VG847FhlC2lSMr8ULuMM','wxid_jfv1hosrf0g912','wxfile://tmp_fbf3aab8a8c81dd2bcb9baf3c2f53538fcabcbfd64c20649.png','2025-12-22 20:04:21'),(19,'oRu5D12lR6dit-orYBaDv3q1QXAE','wxid_9hnnw9dlgvkt12','wxfile://tmp_c3ee557b970832e055d93fc4d9a97848dd88a93c662b649c.png','2025-12-22 21:14:10'),(20,'oRu5D10ZjeYM_ARYiuc0K2eg6vU4','wxid_tfg2tjb1q64k12','wxfile://tmp_2f1dcf99bdcc8b774e57c5b7c4d94a6e5bb30c3a6c927dde.png','2025-12-23 13:14:51'),(21,'oRu5D18urES7VseFZs82MsezoEO4','微信用户','https://thirdwx.qlogo.cn/mmopen/vi_32/POgEwh4mIHO4nibH0KlMECNjjGxQUq24ZEaGT4poC6icRiccVGKSyXwibcPq4BWmiaIGuG1icwxaQX6grC9VemZoJ8rg/132','2025-12-23 14:17:16'),(22,'oRu5D19S7m-5dM2KFsYNOnUMz75g','微信用户','https://thirdwx.qlogo.cn/mmopen/vi_32/POgEwh4mIHO4nibH0KlMECNjjGxQUq24ZEaGT4poC6icRiccVGKSyXwibcPq4BWmiaIGuG1icwxaQX6grC9VemZoJ8rg/132','2025-12-23 14:22:34'),(23,'oRu5D13evID9Qme2onj_eaW_4Ay4','微信用户','https://thirdwx.qlogo.cn/mmopen/vi_32/POgEwh4mIHO4nibH0KlMECNjjGxQUq24ZEaGT4poC6icRiccVGKSyXwibcPq4BWmiaIGuG1icwxaQX6grC9VemZoJ8rg/132','2025-12-23 15:14:42'),(24,'oRu5D16Ls4PRU8rGS11BeagJbqWY','她是狮子座','wxfile://tmp_f896c5ffa9a541fb445d1c53431146a3.jpg','2025-12-23 16:22:13'),(25,'oRu5D1z426oKgp-mCVxnuX8xR48o','wxid_wmzk114vywd712','wxfile://tmp_c4af1dd479b80e5329dc9c9fdee949f0f38c64737d8eff1c.png','2025-12-23 17:49:21'),(26,'oRu5D12hSgKY1-51mO3pByUDSpF4','wxid_l3vh9bhiba512','wxfile://tmp_af0dbbae9a6a1eff622147c42f8afa04fef4ae6bf9c342ad.png','2025-12-23 18:41:53'),(27,'oRu5D1wgb7e-8TUVFXWtWuYpKvK0',NULL,'wxfile://tmp_14f2bd46866e0d630255f04de2679bf73605fc63fce368bc6ac2a9a9c0daed52.jpeg','2025-12-23 20:44:45'),(28,'oRu5D1_gRlF_E4yPWdm3qg1LBCWI','微信用户','https://thirdwx.qlogo.cn/mmopen/vi_32/POgEwh4mIHO4nibH0KlMECNjjGxQUq24ZEaGT4poC6icRiccVGKSyXwibcPq4BWmiaIGuG1icwxaQX6grC9VemZoJ8rg/132','2025-12-23 21:36:27'),(29,'oRu5D11OW8A9NlN0lClxK0pgzli0','微信用户','https://thirdwx.qlogo.cn/mmopen/vi_32/POgEwh4mIHO4nibH0KlMECNjjGxQUq24ZEaGT4poC6icRiccVGKSyXwibcPq4BWmiaIGuG1icwxaQX6grC9VemZoJ8rg/132','2025-12-23 22:10:32'),(30,'oRu5D1yulOpa_pao5SGJkm3ePGnk','微信用户','https://thirdwx.qlogo.cn/mmopen/vi_32/POgEwh4mIHO4nibH0KlMECNjjGxQUq24ZEaGT4poC6icRiccVGKSyXwibcPq4BWmiaIGuG1icwxaQX6grC9VemZoJ8rg/132','2025-12-24 00:43:04'),(31,'oRu5D10L5gx9ujJ4ZeD9orRVGMRY','wxid_nmipi660hpi412','wxfile://tmp_94d11da6043803b24823f8dc42b7f28eceecf23cf8cf19f3.png','2025-12-24 09:38:35'),(32,'oRu5D10e9bb2N8glgjb9siBd68bo','微信用户','https://thirdwx.qlogo.cn/mmopen/vi_32/POgEwh4mIHO4nibH0KlMECNjjGxQUq24ZEaGT4poC6icRiccVGKSyXwibcPq4BWmiaIGuG1icwxaQX6grC9VemZoJ8rg/132','2025-12-24 12:28:00'),(33,'oRu5D1wt7_HMlcB74zALM-g18XB8','白柳','wxfile://tmp_3a537885d7c9a2904fbd0755ccfd4f040b8494262f568ae6.jpeg','2025-12-24 14:08:34'),(34,'oRu5D181BXQP_nO5vPPO_LKvXgqc','wxid_q9v1u142h6no12','wxfile://tmp_9896d8f1309ac00cc9a1adf80fa37753b4ff4c0c2d683849.png','2025-12-24 16:06:29'),(35,'oRu5D16ySF9ak9DpHJL8S128bnJc','微信用户','https://thirdwx.qlogo.cn/mmopen/vi_32/POgEwh4mIHO4nibH0KlMECNjjGxQUq24ZEaGT4poC6icRiccVGKSyXwibcPq4BWmiaIGuG1icwxaQX6grC9VemZoJ8rg/132','2025-12-24 18:05:42'),(36,'oRu5D12sHsZakCoD0HQyaYRgL71E','饭饭.','wxfile://tmp_3f0f19a0477ef9dac7fa5e117c4b9bba.jpg','2025-12-25 15:09:44'),(37,'oRu5D1-LP7NJbjR2CdbMuaV6xOsM','微信用户','wxfile://tmp_6ae69bb97ba32a712ff3f142b8d5bb237ed44a47d58173ae4c0222adb1f5858e.jpeg','2025-12-25 18:20:55'),(38,'oRu5D17a0wdCu5LQNnzRCq04mi1E','愿.','wxfile://tmp_a4b2a0810fdc277bf84fe4f3a815985fbd74c3b30993605df2a4051a611c1b15.jpeg','2025-12-26 21:40:46'),(39,'oRu5D13B0LMjQLubzzGOu_GILWEI','微信用户','https://thirdwx.qlogo.cn/mmopen/vi_32/POgEwh4mIHO4nibH0KlMECNjjGxQUq24ZEaGT4poC6icRiccVGKSyXwibcPq4BWmiaIGuG1icwxaQX6grC9VemZoJ8rg/132','2025-12-26 22:09:53'),(40,'oRu5D1_QBcRx35L7dBphv6Ntj8MU','微信用户','https://thirdwx.qlogo.cn/mmopen/vi_32/POgEwh4mIHO4nibH0KlMECNjjGxQUq24ZEaGT4poC6icRiccVGKSyXwibcPq4BWmiaIGuG1icwxaQX6grC9VemZoJ8rg/132','2025-12-26 23:31:26'),(41,'oRu5D1y28Fqn8TT2Jc7IjmXXTSE8','微信用户',NULL,'2025-12-27 02:08:24'),(42,'oRu5D1yOc4tPM0k0rVMRUyKUA__A','微信用户',NULL,'2025-12-27 02:08:32'),(43,'oRu5D13a4C1fUpm43_nzH3dix69c','微信用户',NULL,'2025-12-27 02:08:32'),(44,'oRu5D19KzczlJwk9ukyJrZHtZWpA','wxid_emencge9ab5a12','wxfile://tmp_49dd8e1dc0da4013109c53c62c058f80619900ba4f34500c.png','2025-12-27 02:08:38'),(45,'oRu5D1yYAG6yVUQPZs_a3iVNc_lg','微信用户','https://thirdwx.qlogo.cn/mmopen/vi_32/POgEwh4mIHO4nibH0KlMECNjjGxQUq24ZEaGT4poC6icRiccVGKSyXwibcPq4BWmiaIGuG1icwxaQX6grC9VemZoJ8rg/132','2025-12-27 12:58:15'),(46,'oRu5D1455u3_3lHb1sXXRiCgN8BI','微信用户',NULL,'2025-12-27 13:48:02'),(47,'oRu5D1wR5rupp0zYs4T-SPaTp-nQ','微信用户',NULL,'2025-12-27 13:48:11'),(48,'oRu5D10oztUJmS0-V85GdN5bAGdw','wxid_j99et60b5eie12','wxfile://tmp_85e99eaac532dd718a6c5e59d20dfa4b229cbc710fd0662d.png','2025-12-27 13:48:18'),(49,'oRu5D1wyhWy3fuKUHgbg4EedVu3M','微信用户','https://thirdwx.qlogo.cn/mmopen/vi_32/POgEwh4mIHO4nibH0KlMECNjjGxQUq24ZEaGT4poC6icRiccVGKSyXwibcPq4BWmiaIGuG1icwxaQX6grC9VemZoJ8rg/132','2025-12-27 14:30:26'),(50,'oRu5D11PY00DcfxF9_GGvs3gUMOI','微信用户',NULL,'2025-12-27 14:59:09'),(51,'oRu5D14BsKW6EaIwdJPoh6AkQC0U','wxid_vk92rsom77p12','wxfile://tmp_b2c1f16c7084c7c2f27e968658bab38df5668c6034f76afd.png','2025-12-27 14:59:25'),(52,'oRu5D1722rVrl_nlHdFTWapNLRyE','微信用户','https://thirdwx.qlogo.cn/mmopen/vi_32/POgEwh4mIHO4nibH0KlMECNjjGxQUq24ZEaGT4poC6icRiccVGKSyXwibcPq4BWmiaIGuG1icwxaQX6grC9VemZoJ8rg/132','2025-12-27 16:15:27'),(53,'oRu5D10_EhE4B_6VlbS6LOpoNcLk','微信用户','https://thirdwx.qlogo.cn/mmopen/vi_32/POgEwh4mIHO4nibH0KlMECNjjGxQUq24ZEaGT4poC6icRiccVGKSyXwibcPq4BWmiaIGuG1icwxaQX6grC9VemZoJ8rg/132','2025-12-27 19:56:53'),(54,'oRu5D1wD1NCrcooW4cQh7-QM86ZM','可以','wxfile://tmp_3bcf9a38552752661e2c4fdd6d5ea7e3cb4bc010dfaa33853a5461504a1af768.jpeg','2025-12-27 20:55:32'),(55,'oRu5D1-MS2l1uCv2ocpOWFaz1nQU','小林綠','wxfile://tmp_85c5c0b2ee9df11777baae4cbe3668cdf1dc3f8d8091504c.jpg','2025-12-28 02:15:14'),(56,'oRu5D17T2CW2w0WDDLxRnVaKH9yo','微信用户','https://thirdwx.qlogo.cn/mmopen/vi_32/POgEwh4mIHO4nibH0KlMECNjjGxQUq24ZEaGT4poC6icRiccVGKSyXwibcPq4BWmiaIGuG1icwxaQX6grC9VemZoJ8rg/132','2025-12-28 04:21:47'),(57,'oRu5D1_hPywCVLQKI8GrdWErs1Us','微信用户','https://thirdwx.qlogo.cn/mmopen/vi_32/POgEwh4mIHO4nibH0KlMECNjjGxQUq24ZEaGT4poC6icRiccVGKSyXwibcPq4BWmiaIGuG1icwxaQX6grC9VemZoJ8rg/132','2025-12-28 09:57:59'),(58,'GUEST_4f61546239254ed2aebd30f3422aa1bb','Guest_4f615462',NULL,'2026-06-10 13:35:23'),(59,'oAMoK7fCj4ZKnwMsCp91FKaNKakQ','星汉灿烂.','http://tmp/iYsOlZAWIIME2296e95ac475938d89bf95fdd31a1bd0.jpeg','2026-07-14 23:47:21');
/*!40000 ALTER TABLE `user` ENABLE KEYS */;
UNLOCK TABLES;

--
-- Table structure for table `user_address`
--

DROP TABLE IF EXISTS `user_address`;
/*!40101 SET @saved_cs_client     = @@character_set_client */;
/*!50503 SET character_set_client = utf8mb4 */;
CREATE TABLE `user_address` (
  `id` bigint NOT NULL AUTO_INCREMENT COMMENT '主键ID',
  `user_id` bigint NOT NULL COMMENT '用户ID',
  `consignee` varchar(50) NOT NULL COMMENT '收货人姓名',
  `phone` varchar(20) NOT NULL COMMENT '手机号',
  `province` varchar(50) NOT NULL COMMENT '省份',
  `city` varchar(50) NOT NULL COMMENT '城市',
  `district` varchar(50) NOT NULL COMMENT '区/县',
  `detail_address` varchar(200) NOT NULL COMMENT '详细地址',
  `is_default` tinyint(1) NOT NULL DEFAULT '0' COMMENT '是否默认地址：0-否，1-是',
  `create_time` datetime NOT NULL DEFAULT CURRENT_TIMESTAMP COMMENT '创建时间',
  `update_time` datetime NOT NULL DEFAULT CURRENT_TIMESTAMP ON UPDATE CURRENT_TIMESTAMP COMMENT '更新时间',
  PRIMARY KEY (`id`),
  KEY `idx_user_id` (`user_id`) COMMENT '用户ID索引',
  KEY `idx_is_default` (`user_id`,`is_default`) COMMENT '用户默认地址联合索引'
) ENGINE=InnoDB AUTO_INCREMENT=22 DEFAULT CHARSET=utf8mb4 COLLATE=utf8mb4_0900_ai_ci COMMENT='用户地址表';
/*!40101 SET character_set_client = @saved_cs_client */;

--
-- Dumping data for table `user_address`
--

LOCK TABLES `user_address` WRITE;
/*!40000 ALTER TABLE `user_address` DISABLE KEYS */;
INSERT INTO `user_address` VALUES (12,2,'张三','18888888888','北京市','北京市','东城区','红星街',1,'2025-12-22 09:09:25','2025-12-22 09:09:25'),(13,13,'张三','18888888888','四川省','宜宾市','翠屏区','大学路',1,'2025-12-22 09:46:14','2025-12-22 09:46:14'),(14,6,'李雪','15555555555','北京市','北京市','东城区','111',0,'2025-12-22 19:46:37','2025-12-22 19:46:37'),(15,3,'11','15681778337','四川省','宜宾市','翠屏区','成都理工',0,'2025-12-23 10:01:51','2025-12-23 10:02:28'),(16,24,'余淮初','18874850917','湖南省','长沙市','望城区','才子城二期13栋',1,'2025-12-23 16:29:27','2025-12-23 16:29:27'),(17,27,'傅','13523534319','四川省','成都市','大邑县','四川电影电视学院安仁校区',1,'2025-12-23 20:46:58','2025-12-23 20:46:58'),(18,39,'张芷萱','18571047385','湖北省','宜昌市','西陵区','港窑路运河佳苑',1,'2025-12-26 22:15:11','2025-12-26 22:15:11'),(19,52,'陈改','17730424381','安徽省','宿州市','砀山县','砀城镇星海城悦府5栋',1,'2025-12-27 16:34:47','2025-12-27 16:34:47'),(20,38,'顾淮舒','19131682770','河北省','承德市','平泉市','河北省承德市平泉市七沟镇七沟村',1,'2025-12-28 00:07:55','2025-12-28 00:07:55'),(21,58,'唐云龙','15681778337','台湾省','台北市','中国台湾','123456|碧桂园15栋5楼0503',1,'2026-06-10 13:43:31','2026-06-11 15:08:50');
/*!40000 ALTER TABLE `user_address` ENABLE KEYS */;
UNLOCK TABLES;
/*!40103 SET TIME_ZONE=@OLD_TIME_ZONE */;

/*!40101 SET SQL_MODE=@OLD_SQL_MODE */;
/*!40014 SET FOREIGN_KEY_CHECKS=@OLD_FOREIGN_KEY_CHECKS */;
/*!40014 SET UNIQUE_CHECKS=@OLD_UNIQUE_CHECKS */;
/*!40101 SET CHARACTER_SET_CLIENT=@OLD_CHARACTER_SET_CLIENT */;
/*!40101 SET CHARACTER_SET_RESULTS=@OLD_CHARACTER_SET_RESULTS */;
/*!40101 SET COLLATION_CONNECTION=@OLD_COLLATION_CONNECTION */;
/*!40111 SET SQL_NOTES=@OLD_SQL_NOTES */;

-- Dump completed on 2026-07-15  0:34:49
